Date,NYSE
12/31/18,11374.39
12/28/18,11290.95
12/27/18,11285.31
12/26/18,11204.09
12/24/18,10769.83
12/21/18,11036.84
12/20/18,11222.79
12/19/18,11371.84
12/18/18,11502.16
12/17/18,11532.12
12/14/18,11755.38
12/13/18,11936.16
12/12/18,11943.29
12/11/18,11860.65
12/10/18,11889.29
12/07/18,11941.93
12/06/18,12144.41
12/04/18,12221.98
12/03/18,12577.54
11/30/18,12457.55
11/29/18,12389.37
11/28/18,12417.63
11/27/18,12188.07
11/26/18,12181.6
11/23/18,12036.24
11/21/18,12123.34
11/20/18,12048.66
11/19/18,12280.91
11/16/18,12400.28
11/15/18,12361.52
11/14/18,12275.49
11/13/18,12328.3
11/12/18,12343.51
11/09/18,12537.53
11/08/18,12622.04
11/07/18,12679.1
11/06/18,12480.06
11/05/18,12424.31
11/02/18,12321.8
11/01/18,12356.5
10/31/18,12208.06
10/30/18,12129.94
10/29/18,11942.51
10/26/18,11976.95
10/25/18,12118.85
10/24/18,11969.74
10/23/18,12287.44
10/22/18,12374.76
10/19/18,12457.27
10/18/18,12445.48
10/17/18,12613.05
10/16/18,12645.95
10/15/18,12425.68
10/12/18,12439.42
10/11/18,12349.53
10/10/18,12622.13
10/09/18,12960.45
10/08/18,13000.14
10/05/18,12991.95
10/04/18,13042.3
10/03/18,13118.55
10/02/18,13106.01
10/01/18,13125.35
09/28/18,13082.52
09/27/18,13105.72
09/26/18,13101.96
09/25/18,13160.6
09/24/18,13162.05
09/21/18,13236.44
09/20/18,13225.11
09/19/18,13121.97
09/18/18,13091.98
09/17/18,13031.91
09/14/18,13050.52
09/13/18,13034.61
09/12/18,12990.1
09/11/18,12952.3
09/10/18,12928.67
09/07/18,12911.12
09/06/18,12938.91
09/05/18,12968.55
09/04/18,12969.86
08/31/18,13016.89
08/30/18,13039.93
08/29/18,13132.16
08/28/18,13084.8
08/27/18,13102.03
08/24/18,12999.44
08/23/18,12933.46
08/22/18,12990.51
08/21/18,12996.76
08/20/18,12965.1
08/17/18,12908.26
08/16/18,12841.28
08/15/18,12723.09
08/14/18,12835.31
08/13/18,12763.66
08/10/18,12843.49
08/09/18,12956.66
08/08/18,12987.91
08/07/18,12999.59
08/06/18,12964.27
08/03/18,12953.34
08/02/18,12898.07
08/01/18,12902.39
07/31/18,12963.28
07/30/18,12903.43
07/27/18,12921.34
07/26/18,12953.39
07/25/18,12933.63
07/24/18,12847.49
07/23/18,12794.05
07/20/18,12789.91
07/19/18,12786.48
07/18/18,12823.23
07/17/18,12779.22
07/16/18,12748.78
07/13/18,12769.5
07/12/18,12761.46
07/11/18,12681.59
07/10/18,12814.64
07/09/18,12776.92
07/06/18,12664.88
07/05/18,12585.21
07/03/18,12494.7
07/02/18,12485.58
06/29/18,12504.25
06/28/18,12475.98
06/27/18,12412.07
06/26/18,12510.55
06/25/18,12481.6
06/22/18,12639.57
06/21/18,12560.23
06/20/18,12648.74
06/19/18,12638.98
06/18/18,12708.63
06/15/18,12734.64
06/14/18,12771.95
06/13/18,12785.45
06/12/18,12844.71
06/11/18,12856.96
06/08/18,12832.07
06/07/18,12788.5
06/06/18,12778.23
06/05/18,12658.7
06/04/18,12673.91
06/01/18,12620.83
05/31/18,12527.14
05/30/18,12625.87
05/29/18,12442.69
05/25/18,12634.94
05/24/18,12696.69
05/23/18,12743.4
05/22/18,12766.65
05/21/18,12804.01
05/18/18,12717.42
05/17/18,12747.83
05/16/18,12743.8
05/15/18,12704.63
05/14/18,12772.03
05/11/18,12761.82
05/10/18,12731.64
05/09/18,12632.49
05/08/18,12520.24
05/07/18,12519.75
05/04/18,12493.35
05/03/18,12392.5
05/02/18,12418.07
05/01/18,12493.02
04/30/18,12515.36
04/27/18,12594.02
04/26/18,12582.9
04/25/18,12517.86
04/24/18,12514
04/23/18,12610.77
04/20/18,12607.16
04/19/18,12671.48
04/18/18,12732.85
04/17/18,12705.76
04/16/18,12628.21
04/13/18,12546.05
04/12/18,12580.22
04/11/18,12514.59
04/10/18,12565.97
04/09/18,12380.55
04/06/18,12349.11
04/05/18,12571.94
04/04/18,12466.45
04/03/18,12367.07
04/02/18,12216.71
03/29/18,12452.06
03/28/18,12308.9
03/27/18,12302.54
03/26/18,12433.15
03/23/18,12177.7
03/22/18,12377.39
03/21/18,12683.76
03/20/18,12663.64
03/19/18,12651.46
03/16/18,12784.39
03/15/18,12743.61
03/14/18,12762.67
03/13/18,12831.75
03/12/18,12898.4
03/09/18,12918.82
03/08/18,12745.01
03/07/18,12707.01
03/06/18,12720.77
03/05/18,12680.73
03/02/18,12557.99
03/01/18,12518.73
02/28/18,12652.55
02/27/18,12819.22
02/26/18,12999.62
02/23/18,12884.11
02/22/18,12711.75
02/21/18,12695.52
02/20/18,12763.34
02/16/18,12874.36
02/15/18,12856.87
02/14/18,12746.72
02/13/18,12574.37
02/12/18,12560.12
02/09/18,12405.82
02/08/18,12270.65
02/07/18,12687.18
02/06/18,12745.45
02/05/18,12572.93
02/02/18,13085.35
02/01/18,13381.97
01/31/18,13367.96
01/30/18,13375.51
01/29/18,13524.65
01/26/18,13637.02
01/25/18,13512.66
01/24/18,13507.66
01/23/18,13474.11
01/22/18,13470.37
01/19/18,13384.46
01/18/18,13315.91
01/17/18,13352.39
01/16/18,13246.86
01/12/18,13294.34
01/11/18,13210.77
01/10/18,13106.6
01/09/18,13120.84
01/08/18,13114.35
01/05/18,13103.23
01/04/18,13028.46
01/03/18,12957.28
01/02/18,12902.72
12/29/17,12808.84
12/28/17,12853.09
12/27/17,12821.98
12/26/17,12808.9
12/22/17,12797.44
12/21/17,12800.21
12/20/17,12747.55
12/19/17,12747.54
12/18/17,12785.82
12/15/17,12699.68
12/14/17,12629.07
12/13/17,12699.48
12/12/17,12697.78
12/11/17,12668.22
12/08/17,12643.06
12/07/17,12568.98
12/06/17,12532.43
12/05/17,12567.16
12/04/17,12634.89
12/01/17,12614.56
11/30/17,12627.8
11/29/17,12561.32
11/28/17,12520.23
11/27/17,12390.78
11/24/17,12421.93
11/22/17,12390.82
11/21/17,12385.88
11/20/17,12320.77
11/17/17,12302.89
11/16/17,12303.28
11/15/17,12220.34
11/14/17,12280.11
11/13/17,12316.82
11/10/17,12322.6
11/09/17,12339.66
11/08/17,12384.72
11/07/17,12371.25
11/06/17,12400.93
11/03/17,12373.06
11/02/17,12372.96
11/01/17,12362.88
10/31/17,12341.01
10/30/17,12319.47
10/27/17,12366.43
10/26/17,12352.43
10/25/17,12336.58
10/24/17,12404.99
10/23/17,12384.42
10/20/17,12430.52
10/19/17,12380.32
10/18/17,12371.02
10/17/17,12349.97
10/16/17,12359.52
10/13/17,12352
10/12/17,12338.74
10/11/17,12362.06
10/10/17,12346.59
10/09/17,12293.95
10/06/17,12317.69
10/05/17,12338.93
10/04/17,12304.67
10/03/17,12302.88
10/02/17,12264.66
09/29/17,12209.16
09/28/17,12179.31
09/27/17,12157.65
09/26/17,12127.92
09/25/17,12141.56
09/22/17,12151.8
09/21/17,12133.62
09/20/17,12147.5
09/19/17,12131.73
09/18/17,12111.45
09/15/17,12080.14
09/14/17,12062.62
09/13/17,12055.18
09/12/17,12057.12
09/11/17,12010.27
09/08/17,11887.98
09/07/17,11879.61
09/06/17,11872.92
09/05/17,11827.15
09/01/17,11918.08
08/31/17,11875.69
08/30/17,11805.07
08/29/17,11791.88
08/28/17,11800.22
08/25/17,11812.03
08/24/17,11773.8
08/23/17,11785.92
08/22/17,11805.29
08/21/17,11719.27
08/18/17,11699.83
08/17/17,11712.72
08/16/17,11868.85
08/15/17,11843.48
08/14/17,11856.06
08/11/17,11763.21
08/10/17,11771.6
08/09/17,11929.46
08/08/17,11949.97
08/07/17,11987.77
08/04/17,11984.89
08/03/17,11956.52
08/02/17,11979.37
08/01/17,12000.02
07/31/17,11967.67
07/28/17,11954.69
07/27/17,11963.23
07/26/17,11964.91
07/25/17,11965.72
07/24/17,11904.71
07/21/17,11924.6
07/20/17,11944.49
07/19/17,11941.34
07/18/17,11877.42
07/17/17,11890.51
07/14/17,11897.31
07/13/17,11844.62
07/12/17,11825.9
07/11/17,11744.77
07/10/17,11751.79
07/07/17,11752.98
07/06/17,11702.43
07/05/17,11809.49
07/03/17,11835.72
06/30/17,11761.7
06/29/17,11739.98
06/28/17,11812.8
06/27/17,11716.92
06/26/17,11758.86
06/23/17,11733.2
06/22/17,11712.52
06/21/17,11696.28
06/20/17,11738.95
06/19/17,11833.34
06/16/17,11772.02
06/15/17,11740.52
06/14/17,11779.81
06/13/17,11796.79
06/12/17,11746.46
06/09/17,11744.73
06/08/17,11678.95
06/07/17,11667.73
06/06/17,11671.46
06/05/17,11693.68
06/02/17,11718.7
06/01/17,11699.79
05/31/17,11598.03
05/30/17,11601.31
05/26/17,11631.87
05/25/17,11639.3
05/24/17,11621.23
05/23/17,11604.62
05/22/17,11585.21
05/19/17,11542.69
05/18/17,11434.06
05/17/17,11423.53
05/16/17,11606.49
05/15/17,11614.23
05/12/17,11547.05
05/11/17,11563.6
05/10/17,11598.99
05/09/17,11567.52
05/08/17,11595.26
05/05/17,11615.61
05/04/17,11534.71
05/03/17,11529.66
05/02/17,11551.3
05/01/17,11536.49
04/28/17,11536.08
04/27/17,11578.52
04/26/17,11592.91
04/25/17,11603.28
04/24/17,11531.79
04/21/17,11389.13
04/20/17,11426.91
04/19/17,11342.42
04/18/17,11378.58
04/17/17,11427.08
04/13/17,11324.53
04/12/17,11423.17
04/11/17,11473.62
04/10/17,11464.34
04/07/17,11445.58
04/06/17,11457.29
04/05/17,11423.36
04/04/17,11470.53
04/03/17,11463.91
03/31/17,11492.85
03/30/17,11519.84
03/29/17,11496.67
03/28/17,11493.84
03/27/17,11414.33
03/24/17,11418.89
03/23/17,11430.89
03/22/17,11426.69
03/21/17,11420.43
03/20/17,11556.93
03/17/17,11589.01
03/16/17,11600.23
03/15/17,11590.31
03/14/17,11459.29
03/13/17,11519.44
03/10/17,11500.76
03/09/17,11457.64
03/08/17,11448.21
03/07/17,11506.32
03/06/17,11547.79
03/03/17,11598.37
03/02/17,11575.91
03/01/17,11661.22
02/28/17,11512.39
02/27/17,11558.35
02/24/17,11541.29
02/23/17,11556.15
02/22/17,11550.18
02/21/17,11578.25
02/17/17,11510.91
02/16/17,11504.19
02/15/17,11514.4
02/14/17,11468.87
02/13/17,11433.93
02/10/17,11377.72
02/09/17,11327.68
02/08/17,11251.8
02/07/17,11243.38
02/06/17,11264.11
02/03/17,11310.74
02/02/17,11215.39
02/01/17,11207.24
01/31/17,11222.96
01/30/17,11205.24
01/27/17,11283.19
01/26/17,11313.12
01/25/17,11339.05
01/24/17,11249.28
01/23/17,11170.62
01/20/17,11192.79
01/19/17,11148.85
01/18/17,11196.1
01/17/17,11196.29
01/13/17,11227.17
01/12/17,11204.15
01/11/17,11226.78
01/10/17,11183.33
01/09/17,11169.79
01/06/17,11237.62
01/05/17,11247.69
01/04/17,11246.54
01/03/17,11154.35
12/30/16,11056.89
12/29/16,11074.33
12/28/16,11058.88
12/27/16,11146.4
12/23/16,11128.8
12/22/16,11114.14
12/21/16,11142.57
12/20/16,11172.19
12/19/16,11128.54
12/16/16,11125.22
12/15/16,11131.89
12/14/16,11098.67
12/13/16,11237.17
12/12/16,11177.28
12/09/16,11191.79
12/08/16,11149.96
12/07/16,11114.61
12/06/16,10970.78
12/05/16,10910.9
12/02/16,10838.58
12/01/16,10828.99
11/30/16,10838.46
11/29/16,10817.7
11/28/16,10808.63
11/25/16,10878.09
11/23/16,10835.9
11/22/16,10820.18
11/21/16,10791.84
11/18/16,10709.51
11/17/16,10740.08
11/16/16,10699.43
11/15/16,10745.51
11/14/16,10679.77
11/11/16,10652.24
11/10/16,10683.41
11/09/16,10643.41
11/08/16,10530.56
11/07/16,10500.16
11/04/16,10289.35
11/03/16,10307.64
11/02/16,10334.5
11/01/16,10414.05
10/31/16,10481.89
10/28/16,10476.62
10/27/16,10503.06
10/26/16,10528.19
10/25/16,10550.19
10/24/16,10591.3
10/21/16,10571.88
10/20/16,10597.36
10/19/16,10600.92
10/18/16,10567.81
10/17/16,10492.86
10/14/16,10521.3
10/13/16,10522.94
10/12/16,10560.27
10/11/16,10548
10/10/16,10682.67
10/07/16,10626.92
10/06/16,10675.74
10/05/16,10683.94
10/04/16,10629.15
10/03/16,10690.77
09/30/16,10721.74
09/29/16,10643.52
09/28/16,10753.45
09/27/16,10665.34
09/26/16,10624.88
09/23/16,10717.99
09/22/16,10793.66
09/21/16,10708.37
09/20/16,10560.26
09/19/16,10564.3
09/16/16,10532.27
09/15/16,10602.94
09/14/16,10511.4
09/13/16,10535.36
09/12/16,10741.24
09/09/16,10613.53
09/08/16,10882.33
09/07/16,10890.18
09/06/16,10890.79
09/02/16,10856.92
09/01/16,10771.93
08/31/16,10764.75
08/30/16,10797.54
08/29/16,10811.35
08/26/16,10749.33
08/25/16,10784.37
08/24/16,10791.18
08/23/16,10847.49
08/22/16,10815.92
08/19/16,10829.15
08/18/16,10863.01
08/17/16,10824.64
08/16/16,10809.74
08/15/16,10858.5
08/12/16,10822.41
08/11/16,10836.15
08/10/16,10774.98
08/09/16,10804.51
08/08/16,10788.01
08/05/16,10782.87
08/04/16,10707.13
08/03/16,10695.14
08/02/16,10661.13
08/01/16,10730.2
07/29/16,10785.51
07/28/16,10744.16
07/27/16,10739.77
07/26/16,10772.99
07/25/16,10752.43
07/22/16,10805.04
07/21/16,10758.62
07/20/16,10793.1
07/19/16,10758.54
07/18/16,10793.17
07/15/16,10773.12
07/14/16,10786.63
07/13/16,10734.2
07/12/16,10726.79
07/11/16,10627.2
07/08/16,10571.78
07/07/16,10413.97
07/06/16,10441.58
07/05/16,10409.54
07/01/16,10515.76
06/30/16,10489.76
06/29/16,10350.53
06/28/16,10161.16
06/27/16,9973.54
06/24/16,10183.51
06/23/16,10641.17
06/22/16,10473.06
06/21/16,10490.78
06/20/16,10450.03
06/17/16,10347.94
06/16/16,10322.84
06/15/16,10297.16
06/14/16,10294.59
06/13/16,10349.18
06/10/16,10446.1
06/09/16,10589.82
06/08/16,10638.36
06/07/16,10599.22
06/06/16,10554.82
06/03/16,10487.94
06/02/16,10487.58
06/01/16,10454.93
05/31/16,10441
05/27/16,10469.52
05/26/16,10439.61
05/25/16,10446.59
05/24/16,10353.56
05/23/16,10226.56
05/20/16,10250.49
05/19/16,10192.48
05/18/16,10239.65
05/17/16,10257.61
05/16/16,10332.47
05/13/16,10228.06
05/12/16,10334.38
05/11/16,10332.24
05/10/16,10424.11
05/09/16,10291.59
05/06/16,10308.83
05/05/16,10281.32
05/04/16,10286.24
05/03/16,10365.83
05/02/16,10496.33
04/29/16,10436.92
04/28/16,10480.45
04/27/16,10571.83
04/26/16,10522.58
04/25/16,10465.65
04/22/16,10511
04/21/16,10454.82
04/20/16,10527.79
04/19/16,10517.3
04/18/16,10424.93
04/15/16,10355.57
04/14/16,10360.24
04/13/16,10359.51
04/12/16,10238.69
04/11/16,10114.58
04/08/16,10119.69
04/07/16,10045.15
04/06/16,10159.85
04/05/16,10061.08
04/04/16,10183
04/01/16,10219.96
03/31/16,10207.37
03/30/16,10236.95
03/29/16,10190.41
03/28/16,10106.44
03/24/16,10086.6
03/23/16,10099.68
03/22/16,10194.2
03/21/16,10219.69
03/18/16,10223.43
03/17/16,10190.4
03/16/16,10084.17
03/15/16,10013.6
03/14/16,10074.27
03/11/16,10104.19
03/10/16,9918.07
03/09/16,9924.81
03/08/16,9868.52
03/07/16,10006.19
03/04/16,9968.41
03/03/16,9907.97
03/02/16,9837.59
03/01/16,9771
02/29/16,9559.53
02/26/16,9619.79
02/25/16,9625.27
02/24/16,9506.07
02/23/16,9494.32
02/22/16,9616.32
02/19/16,9485.96
02/18/16,9504.98
02/17/16,9532.28
02/16/16,9375.39
02/12/16,9229.68
02/11/16,9029.88
02/10/16,9176.72
02/09/16,9187.79
02/08/16,9231.33
02/05/16,9390.33
02/04/16,9534.3
02/03/16,9495.21
02/02/16,9413.78
02/01/16,9616.69
01/29/16,9632.7
01/28/16,9397.79
01/27/16,9373.78
01/26/16,9429.11
01/25/16,9262.99
01/22/16,9426.91
01/21/16,9226.57
01/20/16,9156.84
01/19/16,9301.74
01/15/16,9299.62
01/14/16,9516.55
01/13/16,9374.23
01/12/16,9576.52
01/11/16,9527.66
01/08/16,9528.77
01/07/16,9650.42
01/06/16,9868.26
01/05/16,10028.06
01/04/16,10001.56
12/31/15,10143.42
12/30/15,10225.83
12/29/15,10306.6
12/28/15,10217.4
12/24/15,10258.55
12/23/15,10276.28
12/22/15,10112.4
12/21/15,10023.03
12/18/15,9967.64
12/17/15,10112.63
12/16/15,10267.83
12/15/15,10110.94
12/14/15,9986.76
12/11/15,9976.65
12/10/15,10172.04
12/09/15,10162.37
12/08/15,10198.37
12/07/15,10304.53
12/04/15,10408.86
12/03/15,10257.38
12/02/15,10389.2
12/01/15,10519.59
11/30/15,10409.58
11/27/15,10450.53
11/25/15,10450.36
11/24/15,10449.72
11/23/15,10421.41
11/20/15,10444.2
11/19/15,10431.46
11/18/15,10429.6
11/17/15,10285.76
11/16/15,10299.4
11/13/15,10155.07
11/12/15,10235.95
11/11/15,10399.9
11/10/15,10432.35
11/09/15,10415.19
11/06/15,10513.36
11/05/15,10548.36
11/04/15,10563.96
11/03/15,10609.92
11/02/15,10579.87
10/30/15,10460.96
10/29/15,10498.16
10/28/15,10538.2
10/27/15,10400.18
10/26/15,10464.62
10/23/15,10506.51
10/22/15,10448.83
10/21/15,10306.44
10/20/15,10383.42
10/19/15,10391.6
10/16/15,10421.91
10/15/15,10378.27
10/14/15,10229.67
10/13/15,10262.94
10/12/15,10356.49
10/09/15,10361.26
10/08/15,10361.04
10/07/15,10258.52
10/06/15,10156.38
10/05/15,10167.93
10/02/15,9973.56
10/01/15,9820.95
09/30/15,9799.69
09/29/15,9622.07
09/28/15,9601.42
09/25/15,9857.25
09/24/15,9837.81
09/23/15,9867.9
09/22/15,9912.6
09/21/15,10066.07
09/18/15,10031.6
09/17/15,10215.54
09/16/15,10236.72
09/15/15,10105.87
09/14/15,9988.59
09/11/15,10040.22
09/10/15,10019.39
09/09/15,9988.91
09/08/15,10109.68
09/04/15,9871.86
09/03/15,10049.29
09/02/15,10013.36
09/01/15,9874.67
08/31/15,10176.5
08/28/15,10242.06
08/27/15,10230.51
08/26/15,9979.67
08/25/15,9692.39
08/24/15,9789.94
08/21/15,10195.69
08/20/15,10475.75
08/19/15,10687.03
08/18/15,10792.8
08/17/15,10818.57
08/14/15,10782.24
08/13/15,10745.31
08/12/15,10779.46
08/11/15,10802.09
08/10/15,10906.05
08/07/15,10763.15
08/06/15,10799.44
08/05/15,10847.85
08/04/15,10824.7
08/03/15,10841.26
07/31/15,10882.28
07/30/15,10881.75
07/29/15,10883.91
07/28/15,10790.18
07/27/15,10656.61
07/24/15,10721.95
07/23/15,10840.73
07/22/15,10899.86
07/21/15,10919
07/20/15,10969.49
07/17/15,10987.17
07/16/15,11024.87
07/15/15,10958.83
07/14/15,10993.26
07/13/15,10944.85
07/10/15,10853.92
07/09/15,10689.51
07/08/15,10636.8
07/07/15,10829.32
07/06/15,10782.68
07/02/15,10864.82
07/01/15,10858.99
06/30/15,10805.2
06/29/15,10790.33
06/26/15,11040.31
06/25/15,11035.73
06/24/15,11066.14
06/23/15,11149.36
06/22/15,11129.61
06/19/15,11038.96
06/18/15,11100.47
06/17/15,11013.66
06/16/15,10997.66
06/15/15,10949.54
06/12/15,11009.91
06/11/15,11080.51
06/10/15,11057.99
06/09/15,10915.64
06/08/15,10917.82
06/05/15,10979.33
06/04/15,11000.39
06/03/15,11107.93
06/02/15,11080.89
06/01/15,11061.68
05/29/15,11056.3
05/28/15,11132.74
05/27/15,11143.35
05/26/15,11065.32
05/22/15,11197.69
05/21/15,11239.66
05/20/15,11210.24
05/19/15,11213.15
05/18/15,11227.89
05/15/15,11228.35
05/14/15,11207.33
05/13/15,11117
05/12/15,11113.17
05/11/15,11140.74
05/08/15,11196.5
05/07/15,11036.4
05/06/15,11015.99
05/05/15,11049.34
05/04/15,11173.28
05/01/15,11140.36
04/30/15,11049.74
04/29/15,11154.11
04/28/15,11203.08
04/27/15,11167.31
04/24/15,11192.93
04/23/15,11191.48
04/22/15,11144.45
04/21/15,11100.38
04/20/15,11116.57
04/17/15,11058.45
04/16/15,11169.75
04/15/15,11171.06
04/14/15,11108.07
04/13/15,11056.76
04/10/15,11112.68
04/09/15,11065.39
04/08/15,11032.99
04/07/15,11013.24
04/06/15,11033.12
04/02/15,10953.16
04/01/15,10891.61
03/31/15,10899.19
03/30/15,10989.16
03/27/15,10875.14
03/26/15,10865.15
03/25/15,10897.51
03/24/15,11019.75
03/23/15,11070.89
03/20/15,11070.53
03/19/15,10931.36
03/18/15,11019.72
03/17/15,10862.43
03/16/15,10881.18
03/13/15,10751.02
03/12/15,10820.87
03/11/15,10678.76
03/10/15,10678.41
03/09/15,10866.62
03/06/15,10842.17
03/05/15,11014.26
03/04/15,11004.68
03/03/15,11051.22
03/02/15,11102.82
02/27/15,11062.79
02/26/15,11082.1
02/25/15,11117.93
02/24/15,11122.11
02/23/15,11074.58
02/20/15,11108.67
02/19/15,11038.26
02/18/15,11064.09
02/17/15,11054.47
02/13/15,11042.69
02/12/15,10995.31
02/11/15,10889.05
02/10/15,10915.14
02/09/15,10826.59
02/06/15,10847.51
02/05/15,10896.06
02/04/15,10775.04
02/03/15,10847.41
02/02/15,10669.03
01/30/15,10537.22
01/29/15,10691.63
01/28/15,10603.86
01/27/15,10781.83
01/26/15,10847.15
01/23/15,10788.33
01/22/15,10859.34
01/21/15,10720.4
01/20/15,10658.62
01/16/15,10660.32
01/15/15,10514.6
01/14/15,10565.41
01/13/15,10622.96
01/12/15,10640.74
01/09/15,10711.41
01/08/15,10800.55
01/07/15,10627.13
01/06/15,10514.87
01/05/15,10607.68
01/02/15,10830.92
12/31/14,10839.24
12/30/14,10932.99
12/29/14,10988.01
12/26/14,10985.4
12/24/14,10955.11
12/23/14,10951.76
12/22/14,10919.99
12/19/14,10890.24
12/18/14,10831.62
12/17/14,10603.5
12/16/14,10390.02
12/15/14,10411.18
12/12/14,10500.51
12/11/14,10690.14
12/10/14,10662.24
12/09/14,10847.36
12/08/14,10863.54
12/05/14,10970.29
12/04/14,10952.3
12/03/14,10987.41
12/02/14,10940.12
12/01/14,10888.37
11/28/14,10955.41
11/26/14,11047.91
11/25/14,11029.37
11/24/14,11041.42
11/21/14,11025.74
11/20/14,10937.97
11/19/14,10927.48
11/18/14,10941.7
11/17/14,10883.25
11/14/14,10880.63
11/13/14,10868.92
11/12/14,10884.03
11/11/14,10907.53
11/10/14,10892.56
11/07/14,10864.58
11/06/14,10843.54
11/05/14,10824.07
11/04/14,10758.08
11/03/14,10808.67
10/31/14,10845
10/30/14,10712.19
10/29/14,10646.66
10/28/14,10677.88
10/27/14,10544.42
10/24/14,10582.62
10/23/14,10519.28
10/22/14,10405.81
10/21/14,10500.78
10/20/14,10327.34
10/17/14,10250.54
10/16/14,10123.73
10/15/14,10109.67
10/14/14,10185.91
10/13/14,10166.74
10/10/14,10293.14
10/09/14,10409.38
10/08/14,10645.67
10/07/14,10484.55
10/06/14,10647.51
10/03/14,10635.49
10/02/14,10555.71
10/01/14,10571.55
09/30/14,10702.93
09/29/14,10749.05
09/26/14,10798.88
09/25/14,10722.21
09/24/14,10885.6
09/23/14,10815.42
09/22/14,10892.64
09/19/14,10989.57
09/18/14,11024.06
09/17/14,10973.74
09/16/14,10980.14
09/15/14,10909.31
09/12/14,10911.39
09/11/14,10975.99
09/10/14,10972.21
09/09/14,10945.61
09/08/14,11007.39
09/05/14,11073.4
09/04/14,11030.4
09/03/14,11063.55
09/02/14,11038.12
08/29/14,11046.33
08/28/14,11009.7
08/27/14,11037.89
08/26/14,11025.37
08/25/14,11005.36
08/22/14,10947.33
08/21/14,10982.83
08/20/14,10949.48
08/19/14,10929.66
08/18/14,10886.51
08/15/14,10796.03
08/14/14,10802.63
08/13/14,10756.18
08/12/14,10705.78
08/11/14,10722.79
08/08/14,10691.1
08/07/14,10583.79
08/06/14,10653.42
08/05/14,10657.32
08/04/14,10766.68
08/01/14,10692.16
07/31/14,10726.43
07/30/14,10929.79
07/29/14,10936.7
07/28/14,10987.24
07/25/14,10985.81
07/24/14,11038.56
07/23/14,11023.9
07/22/14,11016.24
07/21/14,10957.67
07/18/14,10985.92
07/17/14,10890.44
07/16/14,11017.88
07/15/14,10965.64
07/14/14,10991.47
07/11/14,10936.35
07/10/14,10941.34
07/09/14,11005.5
07/08/14,10963.16
07/07/14,11035.81
07/03/14,11104.72
07/02/14,11050.34
07/01/14,11046.61
06/30/14,10979.42
06/27/14,10974.43
06/26/14,10949.45
06/25/14,10962.87
06/24/14,10921.99
06/23/14,11014.09
06/20/14,11018.11
06/19/14,11003.09
06/18/14,10975.54
06/17/14,10886.01
06/16/14,10863.22
06/13/14,10856.22
06/12/14,10825.03
06/11/14,10872.69
06/10/14,10914.2
06/09/14,10918.62
06/06/14,10904.22
06/05/14,10847.69
06/04/14,10776.78
06/03/14,10770.33
06/02/14,10772.01
05/30/14,10756.32
05/29/14,10752.12
05/28/14,10702.73
05/27/14,10720.62
05/23/14,10681.87
05/22/14,10644.52
05/21/14,10620.44
05/20/14,10541.95
05/19/14,10618.64
05/16/14,10603.18
05/15/14,10568.37
05/14/14,10656.12
05/13/14,10702.86
05/12/14,10703.5
05/09/14,10606.69
05/08/14,10610.65
05/07/14,10626.84
05/06/14,10568.68
05/05/14,10630.14
05/02/14,10629.99
05/01/14,10629.34
04/30/14,10627.18
04/29/14,10583.65
04/28/14,10526.52
04/25/14,10505.01
04/24/14,10575.91
04/23/14,10581.89
04/22/14,10599.02
04/21/14,10559.35
04/17/14,10532.83
04/16/14,10505.79
04/15/14,10401.98
04/14/14,10359.44
04/11/14,10280.94
04/10/14,10366.82
04/09/14,10554.94
04/08/14,10452.01
04/07/14,10407.42
04/04/14,10517.05
04/03/14,10598.48
04/02/14,10616.86
04/01/14,10584.31
03/31/14,10527.77
03/28/14,10434.87
03/27/14,10373.44
03/26/14,10359.36
03/25/14,10417.06
03/24/14,10362.06
03/21/14,10392.22
03/20/14,10400.7
03/19/14,10359.5
03/18/14,10441.48
03/17/14,10377.02
03/14/14,10285.08
03/13/14,10297.74
03/12/14,10418.99
03/11/14,10425.64
03/10/14,10486.15
03/07/14,10511.91
03/06/14,10525.52
03/05/14,10482.84
03/04/14,10489.97
03/03/14,10329.8
02/28/14,10425.86
02/27/14,10397.81
02/26/14,10349.96
02/25/14,10353.78
02/24/14,10369.52
02/21/14,10306.9
02/20/14,10316.89
02/19/14,10254.24
02/18/14,10319.12
02/14/14,10282.53
02/13/14,10228.58
02/12/14,10173.77
02/11/14,10170.37
02/10/14,10050.4
02/07/14,10055.37
02/06/14,9940.22
02/05/14,9809.03
02/04/14,9816.97
02/03/14,9741.58
01/31/14,9967.65
01/30/14,10048.69
01/29/14,9962.92
01/28/14,10066.85
01/27/14,9981.35
01/24/14,10034.42
01/23/14,10269.39
01/22/14,10368.89
01/21/14,10366.01
01/17/14,10343.47
01/16/14,10376.23
01/15/14,10385.39
01/14/14,10343.09
01/13/14,10256.15
01/10/14,10371.13
01/09/14,10325.74
01/08/14,10320.92
01/07/14,10327.33
01/06/14,10270.06
01/03/14,10296.77
01/02/14,10283.42
12/31/13,10400.33
12/30/13,10357.84
12/27/13,10353.23
12/26/13,10331.68
12/24/13,10284.4
12/23/13,10246.68
12/20/13,10196.08
12/19/13,10151.53
12/18/13,10154.2
12/17/13,9989.08
12/16/13,10024.97
12/13/13,9954.87
12/12/13,9949.58
12/11/13,9991.45
12/10/13,10114.67
12/09/13,10146.26
12/06/13,10131.22
12/05/13,10016.74
12/04/13,10064.87
12/03/13,10086.73
12/02/13,10137.02
11/29/13,10183.23
11/27/13,10182.99
11/26/13,10167.9
11/25/13,10176.2
11/22/13,10205.72
11/21/13,10162.4
11/20/13,10096.44
11/19/13,10135.64
11/18/13,10167.16
11/15/13,10189.8
11/14/13,10130.52
11/13/13,10079.89
11/12/13,10009.84
11/11/13,10042.94
11/08/13,10032.14
11/07/13,9924.37
11/06/13,10059.46
11/05/13,10011.92
11/04/13,10064.11
11/01/13,10018.16
10/31/13,10009.65
10/30/13,10054.38
10/29/13,10108.41
10/28/13,10058.54
10/25/13,10053.86
10/24/13,10029.19
10/23/13,9990.33
10/22/13,10056.6
10/21/13,9982.69
10/18/13,9984.63
10/17/13,9934.84
10/16/13,9845
10/15/13,9726.62
10/14/13,9797.18
10/11/13,9761.76
10/10/13,9693.97
10/09/13,9497.02
10/08/13,9483.17
10/07/13,9597.54
10/04/13,9675.71
10/03/13,9619.2
10/02/13,9689.3
10/01/13,9693.28
09/30/13,9621.25
09/27/13,9684.19
09/26/13,9726.26
09/25/13,9698.96
09/24/13,9715.21
09/23/13,9733.03
09/20/13,9769.73
09/19/13,9854.76
09/18/13,9887.88
09/17/13,9738.93
09/16/13,9704.47
09/13/13,9635.08
09/12/13,9607.32
09/11/13,9655.38
09/10/13,9620.71
09/09/13,9539.93
09/06/13,9439.69
09/05/13,9420.35
09/04/13,9400.24
09/03/13,9333.49
08/30/13,9270.66
08/29/13,9315.82
08/28/13,9309.07
08/27/13,9288.11
08/26/13,9432.51
08/23/13,9474.82
08/22/13,9425.78
08/21/13,9339.38
08/20/13,9421.56
08/19/13,9385.89
08/16/13,9465.59
08/15/13,9489.29
08/14/13,9593.5
08/13/13,9630.57
08/12/13,9609.03
08/09/13,9622.11
08/08/13,9634.7
08/07/13,9568.26
08/06/13,9614.32
08/05/13,9671.6
08/02/13,9690.07
08/01/13,9673.4
07/31/13,9558.83
07/30/13,9556.17
07/29/13,9571.78
07/26/13,9620.13
07/25/13,9635.06
07/24/13,9605.06
07/23/13,9659.62
07/22/13,9650.59
07/19/13,9618.51
07/18/13,9587.2
07/17/13,9523.8
07/16/13,9489.01
07/15/13,9520.96
07/12/13,9498.51
07/11/13,9493.26
07/10/13,9340.69
07/09/13,9341.41
07/08/13,9266.3
07/05/13,9214.18
07/03/13,9135.09
07/02/13,9144.73
07/01/13,9167.89
06/28/13,9112.7
06/27/13,9143.56
06/26/13,9067.27
06/25/13,8989.26
06/24/13,8892.03
06/21/13,9018.55
06/20/13,8995.97
06/19/13,9255.71
06/18/13,9399.64
06/17/13,9337.89
06/14/13,9263.69
06/13/13,9331.37
06/12/13,9189.44
06/11/13,9255.48
06/10/13,9358
06/07/13,9355.41
06/06/13,9260.5
06/05/13,9178.42
06/04/13,9320.09
06/03/13,9357.08
05/31/13,9302.27
05/30/13,9460.06
05/29/13,9422.49
05/28/13,9494.17
05/24/13,9442.23
05/23/13,9466.31
05/22/13,9508.05
05/21/13,9598.27
05/20/13,9587.54
05/17/13,9576.42
05/16/13,9489.31
05/15/13,9551.42
05/14/13,9515.86
05/13/13,9437.18
05/10/13,9442.76
05/09/13,9409.23
05/08/13,9463.32
05/07/13,9409.01
05/06/13,9348.9
05/03/13,9340.47
05/02/13,9246.73
05/01/13,9175.79
04/30/13,9276.88
04/29/13,9245.22
04/26/13,9169.9
04/25/13,9188.86
04/24/13,9146.46
04/23/13,9113.8
04/22/13,9019.92
04/19/13,8994.12
04/18/13,8921.18
04/17/13,8948.36
04/16/13,9086.43
04/15/13,8953.94
04/12/13,9188.26
04/11/13,9234.02
04/10/13,9189.09
04/09/13,9088.38
04/08/13,9051.59
04/05/13,9000.25
04/04/13,9027.83
04/03/13,8983.4
04/02/13,9092.9
04/01/13,9107.76
03/28/13,9107.05
03/27/13,9070.45
03/26/13,9083.71
03/25/13,9022.96
03/22/13,9065.8
03/21/13,9009.66
03/20/13,9081.09
03/19/13,9017.67
03/18/13,9045.44
03/15/13,9116.68
03/14/13,9127.97
03/13/13,9057.02
03/12/13,9059.96
03/11/13,9082.24
03/08/13,9054.45
03/07/13,9013.44
03/06/13,8996.97
03/05/13,8978.09
03/04/13,8901.05
03/01/13,8874.19
02/28/13,8868.72
02/27/13,8875.33
02/26/13,8766.18
02/25/13,8719.4
02/22/13,8894.63
02/21/13,8810.29
02/20/13,8883.62
02/19/13,9004.38
02/15/13,8933.22
02/14/13,8953.07
02/13/13,8955.6
02/12/13,8957.61
02/11/13,8919.02
02/08/13,8935.24
02/07/13,8893.75
02/06/13,8934.24
02/05/13,8920.13
02/04/13,8852.82
02/01/13,8965.12
01/31/13,8883.79
01/30/13,8904.32
01/29/13,8935.64
01/28/13,8880.02
01/25/13,8904.52
01/24/13,8856.59
01/23/13,8828.66
01/22/13,8832.75
01/18/13,8792.63
01/17/13,8766.55
01/16/13,8710.56
01/15/13,8733.1
01/14/13,8717.45
01/11/13,8712.4
01/10/13,8713.76
01/09/13,8636.1
01/08/13,8604.38
01/07/13,8636.91
01/04/13,8667.68
01/03/13,8607.79
01/02/13,8632.01
12/31/12,8443.51
12/28/12,8316.17
12/27/12,8399.83
12/26/12,8395.49
12/24/12,8420.55
12/21/12,8443.16
12/20/12,8516.43
12/19/12,8463.82
12/18/12,8499.35
12/17/12,8407.01
12/14/12,8333.73
12/13/12,8338.32
12/12/12,8380.87
12/11/12,8366.47
12/10/12,8322.68
12/07/12,8314.29
12/06/12,8280.93
12/05/12,8264.8
12/04/12,8223.87
12/03/12,8223.54
11/30/12,8260.43
11/29/12,8256.07
11/28/12,8207.36
11/27/12,8150.79
11/26/12,8197.57
11/23/12,8225.51
11/21/12,8112.18
11/20/12,8086.42
11/19/12,8080.29
11/16/12,7931.55
11/15/12,7896.88
11/14/12,7903.42
11/13/12,8023.23
11/12/12,8054.07
11/09/12,8053.57
11/08/12,8050.83
11/07/12,8138.81
11/06/12,8312.35
11/05/12,8240.26
11/02/12,8234.91
11/01/12,8311.36
10/31/12,8221.4
10/26/12,8190.2
10/25/12,8211.91
10/24/12,8179.26
10/23/12,8195.31
10/22/12,8329.19
10/19/12,8324.15
10/18/12,8442.81
10/17/12,8446.52
10/16/12,8386.47
10/15/12,8293.49
10/12/12,8227.08
10/11/12,8256.59
10/10/12,8229.17
10/09/12,8279.11
10/08/12,8359.12
10/05/12,8384.07
10/04/12,8376.34
10/03/12,8297.5
10/02/12,8295.11
10/01/12,8284.37
09/28/12,8251
09/27/12,8303.74
09/26/12,8221.32
09/25/12,8274.78
09/24/12,8356.56
09/21/12,8377.51
09/20/12,8372.91
09/19/12,8400.49
09/18/12,8387.44
09/17/12,8408.97
09/14/12,8458.88
09/13/12,8407.03
09/12/12,8267.32
09/11/12,8246.15
09/10/12,8192.4
09/07/12,8234.51
09/06/12,8160.56
09/05/12,7992.01
09/04/12,8002.31
08/31/12,8014.93
08/30/12,7966.24
08/29/12,8031.65
08/28/12,8033.85
08/27/12,8036.25
08/24/12,8047.87
08/23/12,8011.44
08/22/12,8074.23
08/21/12,8082.68
08/20/12,8094.33
08/17/12,8102.08
08/16/12,8090
08/15/12,8029.01
08/14/12,8019.53
08/13/12,8018.64
08/10/12,8044.76
08/09/12,8025.01
08/08/12,8018.24
08/07/12,8017.71
08/06/12,7964.1
08/03/12,7939.55
08/02/12,7765.6
08/01/12,7840.78
07/31/12,7863.94
07/30/12,7911.05
07/27/12,7912.17
07/26/12,7754.51
07/25/12,7607.57
07/24/12,7590.62
07/23/12,7670.54
07/20/12,7759.59
07/19/12,7849.75
07/18/12,7831.09
07/17/12,7794.77
07/16/12,7743.02
07/13/12,7758.68
07/12/12,7638.65
07/11/12,7685.37
07/10/12,7667.57
07/09/12,7736.34
07/06/12,7756.62
07/05/12,7837.78
07/03/12,7901.67
07/02/12,7832.23
06/29/12,7801.84
06/28/12,7597.52
06/27/12,7598.05
06/26/12,7527.09
06/25/12,7491.87
06/22/12,7616.59
06/21/12,7566.11
06/20/12,7757.92
06/19/12,7766.26
06/18/12,7662.29
06/15/12,7664.27
06/14/12,7582.83
06/13/12,7506.42
06/12/12,7557.82
06/11/12,7459.27
06/08/12,7553.77
06/07/12,7519.83
06/06/12,7517.46
06/05/12,7338.63
06/04/12,7285.53
06/01/12,7292.23
05/31/12,7463.96
05/30/12,7471.4
05/29/12,7615.04
05/25/12,7534.33
05/24/12,7552.36
05/23/12,7540.9
05/22/12,7542.58
05/21/12,7542.98
05/18/12,7427.74
05/17/12,7480.43
05/16/12,7592.82
05/15/12,7635.81
05/14/12,7705.45
05/11/12,7815.89
05/10/12,7852.75
05/09/12,7820.26
05/08/12,7887.26
05/07/12,7948.77
05/04/12,7933.3
05/03/12,8049.89
05/02/12,8124.33
05/01/12,8164.04
04/30/12,8119.07
04/27/12,8151.91
04/26/12,8123.07
04/25/12,8070.78
04/24/12,7988.02
04/23/12,7940.74
04/20/12,8025.53
04/19/12,7995.92
04/18/12,8030.37
04/17/12,8064.08
04/16/12,7949.57
04/13/12,7931.1
04/12/12,8039.96
04/11/12,7912.85
04/10/12,7841.92
04/09/12,7992.32
04/05/12,8081.35
04/04/12,8106.79
04/03/12,8216.54
04/02/12,8280.83
03/30/12,8206.93
03/29/12,8166.37
03/28/12,8188.35
03/27/12,8239.37
03/26/12,8288.79
03/23/12,8180.06
03/22/12,8141.33
03/21/12,8219.34
03/20/12,8241.28
03/19/12,8297.47
03/16/12,8270.41
03/15/12,8246.72
03/14/12,8185.31
03/13/12,8234.47
03/12/12,8086.28
03/09/12,8102.1
03/08/12,8082.37
03/07/12,7979.78
03/06/12,7920.14
03/05/12,8091.27
03/02/12,8125.18
03/01/12,8175.11
02/29/12,8113.25
02/28/12,8171.55
02/27/12,8143.56
02/24/12,8151.97
02/23/12,8136.24
02/22/12,8094.38
02/21/12,8115.42
02/17/12,8114.51
02/16/12,8092.19
02/15/12,7998.65
02/14/12,8029.62
02/13/12,8056.23
02/10/12,7992.03
02/09/12,8081.25
02/08/12,8082.98
02/07/12,8069.71
02/06/12,8048.03
02/03/12,8060.43
02/02/12,7945.43
02/01/12,7931.45
01/31/12,7838.48
01/30/12,7834.41
01/27/12,7876.61
01/26/12,7883.9
01/25/12,7915.05
01/24/12,7840.65
01/23/12,7855.52
01/20/12,7829.33
01/19/12,7819.37
01/18/12,7766.95
01/17/12,7670.47
01/13/12,7632.03
01/12/12,7681.26
01/11/12,7661.98
01/10/12,7668.9
01/09/12,7584.66
01/06/12,7557.68
01/05/12,7599.97
01/04/12,7612.15
01/03/12,7624.32
12/30/11,7477.03
12/29/11,7485.63
12/28/11,7396.99
12/27/11,7508.37
12/23/11,7518.66
12/22/11,7460.75
12/21/11,7388.52
12/20/11,7360.97
12/19/11,7142.45
12/16/11,7237.66
12/15/11,7217.1
12/14/11,7184.75
12/13/11,7277.62
12/12/11,7363.49
12/09/11,7502.88
12/08/11,7369.52
12/07/11,7559.71
12/06/11,7539.32
12/05/11,7531.01
12/02/11,7453.55
12/01/11,7450.43
11/30/11,7484.5
11/29/11,7149.71
11/28/11,7120.55
11/25/11,6898.18
11/23/11,6919.92
11/22/11,7094.89
11/21/11,7134.47
11/18/11,7282.47
11/17/11,7274.15
11/16/11,7392.02
11/15/11,7509.05
11/14/11,7493.3
11/11/11,7576.18
11/10/11,7423.68
11/09/11,7353.45
11/08/11,7671.91
11/07/11,7590.43
11/04/11,7552.23
11/03/11,7605.14
11/02/11,7461.16
11/01/11,7337.14
10/31/11,7565.03
10/28/11,7803.94
10/27/11,7813.99
10/26/11,7506.15
10/25/11,7400.82
10/24/11,7547.63
10/21/11,7431.1
10/20/11,7273.9
10/19/11,7240.26
10/18/11,7341.73
10/17/11,7188.66
10/14/11,7350.46
10/13/11,7229.08
10/12/11,7263.69
10/11/11,7161.26
10/10/11,7173.45
10/07/11,6925.8
10/06/11,6997.64
10/05/11,6844.16
10/04/11,6722.98
10/03/11,6574.29
09/30/11,6791.65
09/29/11,6974.91
09/28/11,6876.94
09/27/11,7043.12
09/26/11,6940.81
09/23/11,6770.73
09/22/11,6726.62
09/21/11,6981.33
09/20/11,7217.52
09/19/11,7234.63
09/16/11,7348.18
09/15/11,7329.1
09/14/11,7199.12
09/13/11,7109.95
09/12/11,7047.12
09/09/11,7045.01
09/08/11,7257.36
09/07/11,7355.17
09/06/11,7148.13
09/02/11,7250.73
09/01/11,7443.46
08/31/11,7528.39
08/30/11,7464
08/29/11,7450.3
08/26/11,7245.82
08/25/11,7149.67
08/24/11,7273.13
08/23/11,7209.59
08/22/11,6980.62
08/19/11,6970.1
08/18/11,7079.41
08/17/11,7418.94
08/16/11,7394.49
08/15/11,7482.71
08/12/11,7303.88
08/11/11,7257.58
08/10/11,6938.23
08/09/11,7258.04
08/08/11,6895.97
08/05/11,7419.07
08/04/11,7428.4
08/03/11,7853.2
08/02/11,7831.98
08/01/11,8040.93
07/29/11,8079.44
07/28/11,8124.03
07/27/11,8153.21
07/26/11,8331.67
07/25/11,8357.57
07/22/11,8408.2
07/21/11,8411.45
07/20/11,8281.83
07/19/11,8254.38
07/18/11,8135.53
07/15/11,8227.04
07/14/11,8191.13
07/13/11,8246.8
07/12/11,8192.75
07/11/11,8228.73
07/08/11,8410.19
07/07/11,8476.13
07/06/11,8396.48
07/05/11,8404.63
07/01/11,8425.48
06/30/11,8319.1
06/29/11,8228.5
06/28/11,8135.98
06/27/11,8031.08
06/24/11,7974.72
06/23/11,8054.08
06/22/11,8101.84
06/21/11,8156.27
06/20/11,8032.22
06/17/11,8000.11
06/16/11,7963.6
06/15/11,7967.81
06/14/11,8132.77
06/13/11,8017.06
06/10/11,8016.39
06/09/11,8149.65
06/08/11,8081.35
06/07/11,8131.69
06/06/11,8115.87
06/03/11,8222.15
06/02/11,8277.76
06/01/11,8281.59
05/31/11,8477.28
05/27/11,8386.34
05/26/11,8341.66
05/25/11,8295.37
05/24/11,8252.46
05/23/11,8236.55
05/20/11,8357.53
05/19/11,8427.95
05/18/11,8407.48
05/17/11,8333.07
05/16/11,8336.59
05/13/11,8371.67
05/12/11,8456.18
05/11/11,8428.09
05/10/11,8550.49
05/09/11,8478.19
05/06/11,8425.9
05/05/11,8397.4
05/04/11,8506.61
05/03/11,8584.68
05/02/11,8671.41
04/29/11,8671.41
04/28/11,8639.73
04/27/11,8609.28
04/26/11,8554.99
04/25/11,8485.25
04/21/11,8504.36
04/20/11,8457.65
04/19/11,8332.03
04/18/11,8277.11
04/15/11,8400.31
04/14/11,8374.16
04/13/11,8367.31
04/12/11,8360.46
04/11/11,8445.77
04/08/11,8483.94
04/07/11,8489.33
04/06/11,8508.23
04/05/11,8488.39
04/04/11,8482.41
04/01/11,8469.34
03/31/11,8404.98
03/30/11,8416.69
03/29/11,8345.38
03/28/11,8296.52
03/25/11,8321.78
03/24/11,8311.61
03/23/11,8248.83
03/22/11,8228.41
03/21/11,8256.36
03/18/11,8116.4
03/17/11,8064.86
03/16/11,7929.87
03/15/11,8092.11
03/14/11,8193.96
03/11/11,8248.53
03/10/11,8200.07
03/09/11,8379.44
03/08/11,8394.04
03/07/11,8337.02
03/04/11,8413.05
03/03/11,8465.45
03/02/11,8338.76
03/01/11,8315.85
02/28/11,8438.55
02/25/11,8378.04
02/24/11,8276.29
02/23/11,8292.92
02/22/11,8325.86
02/21/11,8507.9
02/18/11,8507.9
02/17/11,8497.41
02/16/11,8453.76
02/15/11,8383.67
02/14/11,8405.15
02/11/11,8374.89
02/10/11,8337.13
02/09/11,8343.99
02/08/11,8379.85
02/07/11,8336.64
02/04/11,8288.5
02/03/11,8289.05
02/02/11,8272.57
02/01/11,8290.09
01/31/11,8139.16
01/28/11,8062.64
01/27/11,8207.06
01/26/11,8193.64
01/25/11,8141.13
01/24/11,8157.42
01/21/11,8105.75
01/20/11,8076.72
01/19/11,8104.92
01/18/11,8190.91
01/17/11,8174.12
01/14/11,8174.12
01/13/11,8119.43
01/12/11,8122.98
01/11/11,8018.68
01/10/11,7966.09
01/07/11,7980.32
01/06/11,8000.9
01/05/11,8040.04
01/04/11,8022.18
01/03/11,8043.97
12/31/10,7964.02
12/30/10,7951.91
12/29/10,7961.48
12/28/10,7931.67
12/27/10,7920.94
12/23/10,7925.36
12/22/10,7931.76
12/21/10,7906.1
12/20/10,7846.96
12/17/10,7835.31
12/16/10,7840.24
12/15/10,7798.78
12/14/10,7855.22
12/13/10,7850.02
12/10/10,7823.3
12/09/10,7782.14
12/08/10,7750.32
12/07/10,7739.64
12/06/10,7740.69
12/03/10,7751.58
12/02/10,7712.25
12/01/10,7603.73
11/30/10,7430.94
11/29/10,7483.34
11/26/10,7500.54
11/24/10,7579.26
11/23/10,7470.77
11/22/10,7610.3
11/19/10,7641.08
11/18/10,7619.94
11/17/10,7488.76
11/16/10,7472.63
11/15/10,7617.51
11/12/10,7623.24
11/11/10,7723.24
11/10/10,7747.46
11/09/10,7702.31
11/08/10,7782.2
11/05/10,7800.66
11/04/10,7782.43
11/03/10,7608.41
11/02/10,7582.14
11/01/10,7509.21
10/29/10,7513.35
10/28/10,7504.85
10/27/10,7480.87
10/26/10,7530.8
10/25/10,7546.38
10/22/10,7522.91
10/21/10,7515.67
10/20/10,7523.81
10/19/10,7423.65
10/18/10,7571.1
10/15/10,7520.6
10/14/10,7546.59
10/13/10,7561.5
10/12/10,7489.62
10/11/10,7479.01
10/08/10,7478.42
10/07/10,7425.01
10/06/10,7448.33
10/05/10,7434.18
10/04/10,7272.53
10/01/10,7335.91
09/30/10,7281.07
09/29/10,7299.31
09/28/10,7310.32
09/27/10,7263.37
09/24/10,7301.04
09/23/10,7141.51
09/22/10,7210.85
09/21/10,7245.95
09/20/10,7266.02
09/17/10,7154.65
09/16/10,7169.48
09/15/10,7179.79
09/14/10,7162.08
09/13/10,7156.18
09/10/10,7067.51
09/09/10,7034.37
09/08/10,6999.94
09/07/10,6959.94
09/03/10,7055.03
09/02/10,6966.25
09/01/10,6910.98
08/31/10,6704.15
08/30/10,6695.28
08/27/10,6794.91
08/26/10,6665.26
08/25/10,6696.12
08/24/10,6681.03
08/23/10,6784.97
08/20/10,6813.15
08/19/10,6850.45
08/18/10,6968.08
08/17/10,6959.79
08/16/10,6871.58
08/13/10,6861.04
08/12/10,6881.94
08/11/10,6902.71
08/10/10,7139.75
08/09/10,7188.3
08/06/10,7153.72
08/05/10,7174.27
08/04/10,7182.14
08/03/10,7146.99
08/02/10,7174.9
07/30/10,6998.99
07/29/10,6994.57
07/28/10,6999.18
07/27/10,7044.99
07/26/10,7046
07/23/10,6965.11
07/22/10,6901.91
07/21/10,6731.16
07/20/10,6820.04
07/19/10,6739.64
07/16/10,6709.51
07/15/10,6916.81
07/14/10,6903.36
07/13/10,6907.78
07/12/10,6794.48
07/09/10,6808.71
07/08/10,6755.81
07/07/10,6685.78
07/06/10,6486.12
07/02/10,6434.81
07/01/10,6462.03
06/30/10,6469.65
06/29/10,6520.09
06/28/10,6736.6
06/25/10,6763.93
06/24/10,6730.24
06/23/10,6850.05
06/22/10,6858.95
06/21/10,6978.86
06/18/10,6988.24
06/17/10,6982.04
06/16/10,6976.08
06/15/10,6989.88
06/14/10,6817.97
06/11/10,6814.76
06/10/10,6783.51
06/09/10,6559.71
06/08/10,6596.12
06/07/10,6512.42
06/04/10,6600.27
06/03/10,6860.39
06/02/10,6839.61
06/01/10,6661.1
05/28/10,6791.57
05/27/10,6893.29
05/26/10,6631.36
05/25/10,6665.83
05/24/10,6666.74
05/21/10,6775.45
05/20/10,6653
05/19/10,6927.21
05/18/10,6959.21
05/17/10,7063.83
05/14/10,7077.64
05/13/10,7234.37
05/12/10,7316.36
05/11/10,7221.66
05/10/10,7257.62
05/07/10,6916.18
05/06/10,7011.92
05/05/10,7258.02
05/04/10,7337.25
05/03/10,7543.12
04/30/10,7474.4
04/29/10,7589.29
04/28/10,7499.72
04/27/10,7463.09
04/26/10,7677.65
04/23/10,7701.61
04/22/10,7642.83
04/21/10,7644.67
04/20/10,7669.11
04/19/10,7596.56
04/16/10,7584.62
04/15/10,7719.66
04/14/10,7728.96
04/13/10,7638.35
04/12/10,7641.75
04/09/10,7629.05
04/08/10,7565.33
04/07/10,7546.18
04/06/10,7604.44
04/05/10,7600.93
04/01/10,7539.02
03/31/10,7447.8
03/30/10,7460.72
03/29/10,7464.9
03/26/10,7403.58
03/25/10,7385.6
03/24/10,7408.16
03/23/10,7478.76
03/22/10,7419.02
03/19/10,7386.85
03/18/10,7443.57
03/17/10,7474.13
03/16/10,7426.7
03/15/10,7350.96
03/12/10,7362.85
03/11/10,7353.24
03/10/10,7327.67
03/09/10,7294.02
03/08/10,7292.53
03/05/10,7291.31
03/04/10,7173.07
03/03/10,7164.66
03/02/10,7135.97
03/01/10,7100.75
02/26/10,7035.04
02/25/10,7013.45
02/24/10,7030.67
02/23/10,6974.6
02/22/10,7078.53
02/19/10,7083.25
02/18/10,7080.38
02/17/10,7035.2
02/16/10,7013.35
02/12/10,6874.56
02/11/10,6898.72
02/10/10,6819.12
02/09/10,6835.16
02/08/10,6713.87
02/05/10,6782.75
02/04/10,6787.86
02/03/10,7042.62
02/02/10,7101.44
02/01/10,7008.23
01/29/10,6883.78
01/28/10,6956.99
01/27/10,7035.61
01/26/10,7028.32
01/25/10,7073.13
01/22/10,7030.61
01/21/10,7174.46
01/20/10,7329.83
01/19/10,7443.68
01/15/10,7356.79
01/14/10,7448.52
01/13/10,7430.14
01/12/10,7370.45
01/11/10,7449.05
01/08/10,7425.35
01/07/10,7393.93
01/06/10,7377.7
01/05/10,7354.87
01/04/10,7326.74
12/31/09,7184.96
12/30/09,7241.24
12/29/09,7252.19
12/28/09,7261.24
12/24/09,7255
12/23/09,7217.2
12/22/09,7184.18
12/21/09,7147.15
12/18/09,7086.19
12/17/09,7063.75
12/16/09,7180.76
12/15/09,7141.44
12/14/09,7186.49
12/11/09,7125.12
12/10/09,7104.5
12/09/09,7067.62
12/08/09,7056.26
12/07/09,7155.73
12/04/09,7182.71
12/03/09,7157.05
12/02/09,7222.42
12/01/09,7212.08
11/30/09,7092.36
11/27/09,7070.09
11/25/09,7232.12
11/24/09,7170.26
11/23/09,7186.33
11/20/09,7084.47
11/19/09,7117.64
11/18/09,7226.71
11/17/09,7234.06
11/16/09,7237.1
11/13/09,7119.89
11/12/09,7063.05
11/11/09,7155.36
11/10/09,7126.42
11/09/09,7135.33
11/06/09,6958.29
11/05/09,6950.14
11/04/09,6830.43
11/03/09,6812.7
11/02/09,6784.94
10/30/09,6739.45
10/29/09,6955.31
10/28/09,6765.69
10/27/09,6932.04
10/26/09,6960.09
10/23/09,7066.8
10/22/09,7182.91
10/21/09,7107.21
10/20/09,7158.27
10/19/09,7222.21
10/16/09,7133.96
10/15/09,7204.05
10/14/09,7182.38
10/13/09,7031.87
10/12/09,7051.16
10/09/09,7015.54
10/08/09,6990.67
10/07/09,6912.65
10/06/09,6899.68
10/05/09,6795.13
10/02/09,6674.57
10/01/09,6718.05
09/30/09,6910.88
09/29/09,6926.82
09/28/09,6939.76
09/25/09,6823.51
09/24/09,6862.31
09/23/09,6964.69
09/22/09,7047.13
09/21/09,6968.59
09/18/09,7016.92
09/17/09,7002.17
09/16/09,7038.14
09/15/09,6917.07
09/14/09,6879.99
09/11/09,6843.82
09/10/09,6850.81
09/09/09,6772.4
09/08/09,6726.07
09/04/09,6637.13
09/03/09,6546.6
09/02/09,6474.79
09/01/09,6487.81
08/31/09,6643.24
08/28/09,6709.04
08/27/09,6722.31
08/26/09,6687.94
08/25/09,6697.22
08/24/09,6671.14
08/21/09,6676.26
08/20/09,6553.4
08/19/09,6479.28
08/18/09,6437.07
08/17/09,6352.11
08/14/09,6537.82
08/13/09,6604.1
08/12/09,6538.87
08/11/09,6503.23
08/10/09,6550.05
08/06/09,6517.67
08/05/09,6558.19
08/04/09,6569.14
08/03/09,6565.65
07/31/09,6424.28
07/30/09,6384.31
07/29/09,6280.57
07/28/09,6328.67
07/27/09,6364.66
07/24/09,6337.46
07/23/09,6302.52
07/22/09,6151.4
07/21/09,6154.39
07/20/09,6141.3
07/17/09,6038.11
07/16/09,6043.05
07/15/09,5993.16
07/14/09,5805.58
07/13/09,5761.37
07/10/09,5627.52
07/09/09,5667.37
07/08/09,5624.57
07/07/09,5654.64
07/06/09,5770
07/02/09,5775.24
07/01/09,5954.01
06/30/09,5905.15
06/29/09,5962.5
06/26/09,5906.96
06/25/09,5911.03
06/24/09,5795.72
06/23/09,5759.49
06/22/09,5725.07
06/19/09,5934.24
06/18/09,5906.2
06/17/09,5864.55
06/16/09,5886.76
06/15/09,5967.26
06/12/09,6148.61
06/11/09,6163.13
06/10/09,6098.06
06/09/09,6101.57
06/08/09,6068.56
06/05/09,6082.64
06/04/09,6110.76
06/03/09,6033.9
06/02/09,6182.87
06/01/09,6169.07
05/29/09,6004.07
05/28/09,5917.06
05/27/09,5823.56
05/26/09,5936.58
05/22/09,5789.62
05/21/09,5780.54
05/20/09,5870.39
05/19/09,5872.22
05/18/09,5865.87
05/15/09,5662.89
05/14/09,5733.45
05/13/09,5666.47
05/12/09,5859.14
05/11/09,5849.3
05/08/09,6000.39
05/07/09,5800.09
05/06/09,5890.55
05/05/09,5770.76
05/04/09,5800.22
05/01/09,5568.76
04/30/09,5513.36
04/29/09,5516.14
04/28/09,5369.85
04/27/09,5389.83
04/24/09,5468.41
04/23/09,5372.1
04/22/09,5290.61
04/21/09,5339.59
04/20/09,5220.12
04/17/09,5480.6
04/16/09,5454.27
04/15/09,5384.97
04/14/09,5301.5
04/13/09,5410.28
04/09/09,5376.44
04/08/09,5176.41
04/07/09,5120.67
04/06/09,5249.48
04/03/09,5318.75
04/02/09,5267.1
04/01/09,5085.76
03/31/09,4978.98
03/30/09,4899.05
03/27/09,5096.64
03/26/09,5230.53
03/25/09,5127
03/24/09,5064.33
03/23/09,5185.86
03/20/09,4832.13
03/19/09,4937.22
03/18/09,4975.3
03/17/09,4868.14
03/16/09,4728.91
03/13/09,4721
03/12/09,4684.99
03/11/09,4505.38
03/10/09,4499.38
03/09/09,4226.31
03/06/09,4284.49
03/05/09,4617.03
03/04/09,4464.89
03/03/09,4334.7
03/02/09,4360.98
02/27/09,4617.03
02/26/09,4713.02
02/25/09,4753.17
02/24/09,4821.74
02/23/09,4633.78
02/20/09,4804.51
02/19/09,4881.16
02/18/09,4924.54
02/17/09,4939.11
02/13/09,5206.76
02/12/09,5256.45
02/11/09,5252.68
02/10/09,5214.71
02/09/09,5479.88
02/06/09,5475.28
02/05/09,5326.01
02/04/09,5242.75
02/03/09,5268.02
02/02/09,5166.47
01/30/09,5195.79
01/29/09,5300.9
01/28/09,5501.46
01/27/09,5315.44
01/26/09,5244.61
01/23/09,5195.55
01/22/09,5171.68
01/21/09,5273.99
01/20/09,5058.06
01/16/09,5387.5
01/15/09,5347.75
01/14/09,5328.68
01/13/09,5538.84
01/12/09,5551.03
01/09/09,5702.37
01/08/09,5837.14
01/07/09,5799.05
01/06/09,5968.84
01/05/09,5908.43
01/02/09,5915.73
12/31/08,5757.05
12/30/08,5670
12/29/08,5534.64
12/26/08,5538.19
12/24/08,5487.33
12/23/08,5468.28
12/22/08,5520.82
12/19/08,5616.12
12/18/08,5617.76
12/17/08,5769.8
12/16/08,5804.97
12/15/08,5497.9
12/12/08,5543.96
12/11/08,5504.73
12/10/08,5631.07
12/09/08,5522.46
12/08/08,5639.68
12/05/08,5401.25
12/04/08,5232.26
12/03/08,5405.55
12/02/08,5308.95
12/01/08,5092.66
11/28/08,5599.3
11/26/08,5547.38
11/25/08,5375.36
11/24/08,5313.76
11/21/08,4959.79
11/20/08,4651.21
11/19/08,5011.99
11/18/08,5365.66
11/17/08,5323.36
11/14/08,5452.63
11/13/08,5715.79
11/12/08,5320.7
11/11/08,5634.37
11/10/08,5802.05
11/07/08,5871.98
11/06/08,5667.4
11/05/08,6012.17
11/04/08,6345.09
11/03/08,6054.98
10/31/08,6061.09
10/30/08,5975.03
10/29/08,5774.89
10/28/08,5733.45
10/27/08,5196.53
10/24/08,5427.54
10/23/08,5671.93
10/22/08,5630.47
10/21/08,6051.34
10/20/08,6287.6
10/17/08,5948.8
10/16/08,5970.9
10/15/08,5759.96
10/14/08,6380.53
10/13/08,6400.96
10/10/08,5704.13
10/09/08,5809.98
10/08/08,6306.35
10/07/08,6388.38
10/06/08,6754.91
10/03/08,7088.94
10/02/08,7519.95
10/01/08,7532.8
09/30/08,7532.8
09/29/08,7204.01
09/26/08,7927.86
09/25/08,7768.79
09/24/08,7785.28
09/23/08,7918.62
09/22/08,8187.14
09/19/08,8187.13
09/18/08,7440.39
09/17/08,7793.13
09/16/08,7680.06
09/15/08,8091.57
09/12/08,8010.88
09/11/08,7957.38
09/10/08,7871.39
09/09/08,7871.15
09/08/08,8168.62
09/05/08,8033.76
09/04/08,8008.25
09/03/08,8269.25
09/02/08,8296.97
08/29/08,8466.07
08/28/08,8349.84
08/27/08,8263.75
08/26/08,8228.85
08/25/08,8373.55
08/22/08,8314.14
08/21/08,8276.71
08/20/08,8212.46
08/19/08,8281.81
08/18/08,8281.86
08/15/08,8385.85
08/14/08,8375.33
08/13/08,8375.39
08/12/08,8492.51
08/11/08,8460.24
08/08/08,8338.29
08/07/08,8501.7
08/06/08,8471.84
08/05/08,8268.7
08/04/08,8379.16
08/01/08,8379.15
07/31/08,8565.16
07/30/08,8419.11
07/29/08,8260.39
07/28/08,8395.55
07/25/08,8369.92
07/24/08,8580.67
07/23/08,8566.65
07/22/08,8499.73
07/21/08,8453.87
07/18/08,8415.06
07/17/08,8332.87
07/16/08,8157.8
07/15/08,8287.75
07/14/08,8347.3
07/11/08,8436.15
07/10/08,8371.51
07/09/08,8516.03
07/08/08,8400.22
07/07/08,8481.6
07/03/08,8465.49
07/02/08,8641.11
07/01/08,8660.29
06/30/08,8623.56
06/27/08,8640.73
06/26/08,8865.1
06/25/08,8803.22
06/24/08,8841.83
06/23/08,8829.3
06/20/08,8988.82
06/19/08,8999.61
06/18/08,9074.53
06/17/08,9088.02
06/16/08,9063.1
06/13/08,8947.78
06/12/08,8947.73
06/11/08,9067.12
06/10/08,9148.71
06/09/08,9149.09
06/06/08,9408.3
06/05/08,9212.75
06/04/08,9261.85
06/03/08,9316.62
06/02/08,9401.1
05/30/08,9371.96
05/29/08,9634.33
05/28/08,9314.03
05/27/08,9315.7
05/23/08,9433.39
05/22/08,9397.07
05/21/08,9536
05/20/08,9602.78
05/19/08,9603.03
05/16/08,9553.61
05/15/08,9437.11
05/14/08,9410.48
05/13/08,9418.06
05/12/08,9417.97
05/09/08,9388.3
05/08/08,9339.47
05/07/08,9510.97
05/06/08,9438.35
05/05/08,9451.23
05/02/08,9395.08
05/01/08,9299.6
04/30/08,9285.86
04/29/08,9349.6
04/28/08,9348.86
04/25/08,9250.22
04/24/08,9237.33
04/23/08,9227.97
04/22/08,9312.35
04/21/08,9310.25
04/18/08,9173.85
04/17/08,9203.76
04/16/08,8979.83
04/15/08,8922.84
04/14/08,8936.33
04/11/08,9096.86
04/10/08,9074.86
04/09/08,9150.37
04/08/08,9165.3
04/07/08,9157.53
04/04/08,9140.65
04/03/08,9104.29
04/02/08,9088.15
04/01/08,8797.16
03/31/08,8761.87
03/28/08,8817.29
03/27/08,8881.77
03/26/08,8936.23
03/25/08,8859.24
03/24/08,8717.54
03/20/08,8549.51
03/19/08,8826.54
03/18/08,8489.39
03/17/08,8634.42
03/14/08,8827.08
03/13/08,8781.22
03/12/08,8842.66
03/11/08,8534.48
03/10/08,8676.28
03/07/08,8765.02
03/06/08,8962.33
03/05/08,8891.44
03/04/08,8970.26
03/03/08,8962.46
02/29/08,9221.88
02/28/08,9292.68
02/27/08,9302.43
02/26/08,9209.5
02/25/08,9064.83
02/22/08,8977.77
02/21/08,9074.05
02/20/08,9022.98
02/19/08,8970.84
02/15/08,8968.41
02/14/08,9073.49
02/13/08,8965.36
02/12/08,8868.26
02/11/08,8823.11
02/08/08,8859.04
02/07/08,8819.72
02/06/08,8874.61
02/05/08,9201.54
02/04/08,9277.59
02/01/08,9126.17
01/31/08,8994.08
01/30/08,9045.97
01/29/08,8978.41
01/28/08,8827.63
01/25/08,8942.31
01/24/08,8805.53
01/23/08,8661.06
01/22/08,8794.86
01/18/08,8818.95
01/17/08,9073.42
01/16/08,9172.16
01/15/08,9439.33
01/14/08,9347.57
01/11/08,9490.76
01/10/08,9424.68
01/09/08,9326.1
01/08/08,9462.68
01/07/08,9431.96
01/04/08,9655.92
01/03/08,9647.51
01/02/08,9740.31
12/31/07,9803.83
12/28/07,9779.49
12/27/07,9882.84
12/26/07,9873.42
12/24/07,9873.48
12/21/07,9622.27
12/20/07,9586.07
12/19/07,9602.55
12/18/07,9528.68
12/17/07,9698.36
12/14/07,9863.81
12/13/07,9921.52
12/12/07,9838.26
12/11/07,10104.55
12/10/07,10023.8
12/07/07,10030.21
12/06/07,9887.5
12/05/07,9747.74
12/04/07,9811.79
12/03/07,9856.74
11/30/07,9773.57
11/29/07,9791
11/28/07,9522.03
11/27/07,9389.53
11/26/07,9582.94
11/23/07,9405.19
11/21/07,9574.95
11/20/07,9497.33
11/19/07,9701.2
11/16/07,9652.65
11/15/07,9809.05
11/14/07,9861.01
11/13/07,9570.71
11/12/07,9733.34
11/09/07,9875.8
11/08/07,9830.19
11/07/07,10102.42
11/06/07,9959.03
11/05/07,10051.99
11/02/07,10022.27
11/01/07,10311.55
10/31/07,10165.45
10/30/07,10256.16
10/29/07,10189.14
10/26/07,10029.56
10/25/07,10009.31
10/24/07,10040.76
10/23/07,9930.78
10/22/07,9919.86
10/19/07,10174.59
10/18/07,10165.22
10/17/07,10125.4
10/16/07,10216.3
10/15/07,10216.29
10/12/07,10245.25
10/11/07,10264.51
10/10/07,10279.94
10/09/07,10186.43
10/08/07,10247.97
10/05/07,10142.93
10/04/07,10101.02
10/03/07,10175.83
10/02/07,10184.55
10/01/07,10039.3
09/28/07,10056.95
09/27/07,9980.32
09/26/07,9933.91
09/25/07,9946.13
09/24/07,9981.82
09/21/07,9936.66
09/20/07,9970.85
09/19/07,9909.11
09/18/07,9607.79
09/17/07,9673.65
09/14/07,9678.14
09/13/07,9598.74
09/12/07,9597.61
09/11/07,9457.68
09/10/07,9486.44
09/07/07,9637.47
09/06/07,9583.2
09/05/07,9698.68
09/04/07,9597.01
08/31/07,9456.67
08/30/07,9508.92
08/29/07,9289.5
08/28/07,9528.71
08/27/07,9607.04
08/24/07,9478.6
08/23/07,9477.13
08/22/07,9332.54
08/21/07,9326.21
08/20/07,9315.05
08/17/07,9087.75
08/16/07,9089.04
08/15/07,9254.28
08/14/07,9428.8
08/13/07,9435.2
08/10/07,9449
08/09/07,9723.8
08/08/07,9610.2
08/07/07,9543.8
08/06/07,9371
08/03/07,9619.4
08/02/07,9577.4
08/01/07,9551.5
07/31/07,9623.3
07/30/07,9508.1
07/27/07,9654.9
07/26/07,9920
07/25/07,9919.1
07/24/07,10121.5
07/23/07,10073.3
07/20/07,10192.8
07/19/07,10158.6
07/18/07,10148.3
07/17/07,10188.4
07/16/07,10215.4
07/13/07,10197.6
07/12/07,10019.2
07/11/07,9950.6
07/10/07,10099.4
07/09/07,10075.5
07/06/07,10026.3
07/05/07,10032.5
07/03/07,10002.9
07/02/07,9879.3
06/29/07,9865.9
06/28/07,9848.8
06/27/07,9766.5
06/26/07,9807.8
06/25/07,9850.6
06/22/07,9957
06/21/07,9905.3
06/20/07,10030.6
06/19/07,10005.4
06/18/07,10005.5
06/15/07,9927
06/14/07,9867.1
06/13/07,9724.8
06/12/07,9841.5
06/11/07,9823.4
06/08/07,9721.1
06/07/07,9890.3
06/06/07,10001.2
06/05/07,9999.46
06/04/07,10063.17
06/01/07,9978.74
05/31/07,9963.69
05/30/07,9892.13
05/29/07,9876.12
05/25/07,9812.55
05/24/07,9916.16
05/23/07,9900.95
05/22/07,9897.01
05/21/07,9893.99
05/18/07,9818.99
05/17/07,9825.41
05/16/07,9769.47
05/15/07,9766.42
05/14/07,9787.04
05/11/07,9677.22
05/10/07,9827.92
05/09/07,9787.99
05/08/07,9825.06
05/07/07,9793.01
05/04/07,9753.96
05/03/07,9717.99
05/02/07,9641.19
05/01/07,9634.01
04/30/07,9708.41
04/27/07,9715.32
04/26/07,9746.11
04/25/07,9655.14
04/24/07,9660.49
04/23/07,9697.27
04/20/07,9601.7
04/19/07,9634.84
04/18/07,9631.68
04/17/07,9625.59
04/16/07,9527.23
04/13/07,9477.79
04/12/07,9412.44
04/11/07,9468.71
04/10/07,9429.25
04/09/07,9426.63
04/05/07,9398.57
04/04/07,9381.47
04/03/07,9305.65
04/02/07,9261.84
03/30/07,9279.14
03/29/07,9230.49
03/28/07,9282.84
03/27/07,9341.35
03/26/07,9338.43
03/23/07,9313.81
03/22/07,9317.71
03/21/07,9158.75
03/20/07,9091.09
03/19/07,8983.1
03/16/07,9005.34
03/15/07,8958.67
03/14/07,8926.96
03/13/07,9120.98
03/12/07,9094.79
03/11/07,9094.79
03/09/07,9086.91
03/08/07,8999.57
03/07/07,9005.21
03/06/07,8848.79
03/05/07,8957.95
03/02/07,9070.11
03/01/07,9118.62
02/28/07,9079.42
02/27/07,9421.25
02/26/07,9420.19
02/23/07,9433.09
02/22/07,9433.42
02/21/07,9453.71
02/20/07,9432.87
02/16/07,9433.65
02/15/07,9435.26
02/14/07,9354.71
02/13/07,9258.33
02/12/07,9291.64
02/09/07,9345.56
02/08/07,9349.16
02/07/07,9345.24
02/06/07,9312.99
02/05/07,9325.26
02/02/07,9327.71
02/01/07,9254.84
01/31/07,9205.84
01/30/07,9140.39
01/29/07,9154.11
01/26/07,9154.65
01/25/07,9268.46
01/24/07,9199.77
01/23/07,9129.84
01/22/07,9130.92
01/19/07,9179.53
01/18/07,9149.31
01/17/07,9139.71
01/16/07,9138.7
01/12/07,9063.62
01/11/07,9003.16
01/10/07,9018.16
01/09/07,9041.1
01/08/07,9025.13
01/05/07,9111.29
01/04/07,9132.25
01/03/07,9137.96
12/29/06,9170.5
12/28/06,9178.11
12/27/06,9102.55
12/26/06,9062.15
12/22/06,9103.59
12/21/06,9128.91
12/20/06,9139.45
12/19/06,9105.02
12/18/06,9140.41
12/15/06,9147.22
12/14/06,9082.12
12/13/06,9059.27
12/12/06,9066.61
12/11/06,9042.5
12/08/06,9040.97
12/07/06,9047.96
12/06/06,9064.9
12/05/06,9064.93
12/04/06,9019.03
12/01/06,8969.46
11/30/06,8947.2
11/29/06,8947.17
11/28/06,8851.64
11/27/06,8820.59
11/24/06,8933.43
11/22/06,8948.94
11/21/06,8918.08
11/20/06,8884.17
11/17/06,8897.17
11/16/06,8894.48
11/15/06,8901.55
11/14/06,8880.47
11/13/06,8823.98
11/10/06,8827.98
11/09/06,8857.48
11/08/06,8835.1
11/07/06,8820.11
11/06/06,8716.72
11/03/06,8722.66
11/02/06,8716.42
11/01/06,8780.97
10/31/06,8768.67
10/30/06,8778.57
10/27/06,8845.31
10/26/06,8795.77
10/25/06,8748.35
10/24/06,8736.57
10/23/06,8693.78
10/20/06,8700.83
10/19/06,8663.52
10/18/06,8646.27
10/17/06,8689.73
10/16/06,8645.37
10/13/06,8626.76
10/12/06,8540.78
10/11/06,8563.61
10/10/06,8538.58
10/09/06,8532.82
10/06/06,8566.12
10/05/06,8538.59
10/04/06,8445.23
10/03/06,8461.39
10/02/06,8469.67
09/29/06,8490.38
09/28/06,8477.48
09/27/06,8451.78
09/26/06,8398.58
09/25/06,8348.41
09/22/06,8371.29
09/21/06,8391.99
09/20/06,8351.29
09/19/06,8390.49
09/18/06,8363.46
09/15/06,8357.83
09/14/06,8382.68
09/13/06,8346.97
09/12/06,8262.29
09/11/06,8294.06
09/08/06,8289.43
09/07/06,8345.19
09/06/06,8452.91
09/05/06,8434.72
09/01/06,8388.68
08/31/06,8388.34
08/30/06,8383.62
08/29/06,8360.53
08/28/06,8318.04
08/25/06,8327.66
08/24/06,8320.26
08/23/06,8364.15
08/22/06,8361.71
08/21/06,8378.07
08/18/06,8354.08
08/17/06,8357.36
08/16/06,8296.03
08/15/06,8177.47
08/14/06,8167.07
08/11/06,8209.66
08/10/06,8192.61
08/09/06,8210.29
08/08/06,8238.56
08/07/06,8270.79
08/04/06,8262.47
08/03/06,8258.11
08/02/06,8206.11
08/01/06,8242.23
07/31/06,8255.02
07/28/06,8149.95
07/27/06,8164.27
07/26/06,8149.76
07/25/06,8099.92
07/24/06,7953.15
07/21/06,8007.59
07/20/06,8076.69
07/19/06,7898.39
07/18/06,7892.88
07/17/06,7947.69
07/14/06,7992.02
07/13/06,8113.06
07/12/06,8206.27
07/11/06,8174.11
07/10/06,8154.94
07/07/06,8197.81
07/06/06,8163.85
07/05/06,8237.53
07/03/06,8176.26
06/30/06,8138.84
06/29/06,7929.71
06/28/06,7886.5
06/27/06,7967.41
06/26/06,7925.93
06/23/06,7920.22
06/22/06,7953.57
06/21/06,7860.28
06/20/06,7850.28
06/19/06,7933.88
06/16/06,7973.8
06/15/06,7781.92
06/14/06,7719.69
06/13/06,7855.46
06/12/06,7965.29
06/09/06,7992.5
06/08/06,8037.08
06/07/06,8100.77
06/06/06,8145.7
06/05/06,8305.22
06/02/06,8270.89
06/01/06,8189.88
05/31/06,8114.74
05/30/06,8238.12
05/26/06,8187.42
05/25/06,8063.11
05/24/06,8094.64
05/23/06,8098.04
05/22/06,8176.01
05/19/06,8148.15
05/18/06,8200.61
05/17/06,8384.93
05/16/06,8383
05/15/06,8411.25
05/12/06,8526.76
05/11/06,8631.42
05/10/06,8642.89
05/09/06,8620.87
05/08/06,8629.19
05/05/06,8531.62
05/04/06,8497.39
05/03/06,8541.76
05/02/06,8461.93
05/01/06,8474.88
04/28/06,8440.73
04/27/06,8429.74
04/26/06,8405.94
04/25/06,8440.57
04/24/06,8458.48
04/21/06,8422.24
04/20/06,8431.22
04/19/06,8389.43
04/18/06,8242.13
04/17/06,8227.94
04/13/06,8220.56
04/12/06,8216.09
04/11/06,8282.79
04/10/06,8270.68
04/07/06,8359.71
04/06/06,8367.31
04/05/06,8324.76
04/04/06,8270.1
04/03/06,8233.23
03/31/06,8271.86
03/30/06,8249.63
03/29/06,8176.43
03/28/06,8230.98
03/27/06,8252.38
03/24/06,8227.03
03/23/06,8255.81
03/22/06,8198.7
03/21/06,8254.16
03/20/06,8271.58
03/17/06,8262.13
03/16/06,8236.7
03/15/06,8197.64
03/14/06,8114.1
03/13/06,8082.12
03/10/06,8007.79
03/09/06,8027.56
03/08/06,8017.32
03/07/06,8020.46
03/06/06,8122.8
03/03/06,8122.31
03/02/06,8125.94
03/01/06,8060.45
02/28/06,8139.64
02/27/06,8127.09
02/24/06,8108.1
02/23/06,8128.19
02/22/06,8082.64
02/21/06,8092.27
02/17/06,8086.76
02/16/06,8020.36
02/15/06,8021.54
02/14/06,7947.82
02/13/06,7976.5
02/10/06,7980.83
02/09/06,7976.85
02/08/06,7932.86
02/07/06,8019.89
02/06/06,8001.41
02/03/06,8037.95
02/02/06,8111.29
02/01/06,8106.45
01/31/06,8104.52
01/30/06,8096.34
01/27/06,8044.09
01/26/06,7970.53
01/25/06,7976.69
01/24/06,7953.81
01/23/06,7902.38
01/20/06,8018.64
01/19/06,7953.63
01/18/06,7992.56
01/17/06,8025.93
01/16/06,8025.94
01/13/06,8008.2
01/12/06,8063.48
01/11/06,8031.81
01/10/06,8052.11
01/09/06,8031.69
01/06/06,7946.48
01/05/06,7962.02
01/04/06,7912.4
01/03/06,7753.97
12/30/05,7788.11
12/29/05,7795.75
12/28/05,7771.05
12/27/05,7841.89
12/23/05,7833.8
12/22/05,7806.7
12/21/05,7780.84
12/20/05,7779.1
12/19/05,7812.9
12/16/05,7815.75
12/15/05,7852.6
12/14/05,7825.01
12/13/05,7791.44
12/12/05,7762.63
12/09/05,7745.49
12/08/05,7732.68
12/07/05,7775.64
12/06/05,7766.97
12/05/05,7760.77
12/02/05,7752.9
12/01/05,7645.47
11/30/05,7692.7
11/29/05,7688.7
11/28/05,7745.43
11/25/05,7743.36
11/23/05,7715.36
11/22/05,7673.81
11/21/05,7634.77
11/18/05,7611.3
11/17/05,7518.59
11/16/05,7509.41
11/15/05,7549.08
11/14/05,7561.45
11/11/05,7530.1
11/10/05,7501.1
11/09/05,7489.73
11/08/05,7519.44
11/07/05,7507.47
11/04/05,7534.82
11/03/05,7509.81
11/02/05,7425.19
11/01/05,7433.05
10/31/05,7369.53
10/28/05,7267.63
10/27/05,7334.47
10/26/05,7361.81
10/25/05,7374.35
10/24/05,7259.75
10/21/05,7236.79
10/20/05,7363.06
10/19/05,7275.19
10/18/05,7366.29
10/17/05,7363.65
10/14/05,7293.13
10/13/05,7322.72
10/12/05,7380.8
10/11/05,7386.29
10/10/05,7435.72
10/07/05,7399.66
10/06/05,7437.25
10/05/05,7558.08
10/04/05,7626.24
10/03/05,7633.4
09/30/05,7632.38
09/29/05,7574.17
09/28/05,7553.54
09/27/05,7556.5
09/26/05,7525.09
09/23/05,7519.65
09/22/05,7515.03
09/21/05,7562.74
09/20/05,7612.47
09/19/05,7646.27
09/16/05,7583.17
09/15/05,7577.79
09/14/05,7578.24
09/13/05,7637.55
09/12/05,7663.81
09/09/05,7595.32
09/08/05,7624.44
09/07/05,7618.97
09/06/05,7531.14
09/02/05,7543.96
09/01/05,7496.11
08/31/05,7397.05
08/30/05,7413.97
08/29/05,7378.87
08/26/05,7434.6
08/25/05,7417.82
08/24/05,7453.79
08/23/05,7486.5
08/22/05,7458.77
08/19/05,7434.94
08/18/05,7461.63
08/17/05,7480.17
08/16/05,7564.79
08/15/05,7558.21
08/12/05,7589.77
08/11/05,7528.4
08/10/05,7505.66
08/09/05,7453.54
08/08/05,7456.33
08/05/05,7515.19
08/04/05,7566.36
08/03/05,7556.43
08/02/05,7502.09
08/01/05,7477.15
07/29/05,7516.77
07/28/05,7465.45
07/27/05,7428.31
07/26/05,7423.35
07/25/05,7447.17
07/22/05,7412.4
07/21/05,7453.22
07/20/05,7413.71
07/19/05,7372.45
07/18/05,7402.03
07/15/05,7403.12
07/14/05,7400.81
07/13/05,7407.41
07/12/05,7382.53
07/11/05,7330.62
07/08/05,7254.51
07/07/05,7208.17
07/06/05,7289.4
07/05/05,7245.57
07/01/05,7217.84
06/30/05,7262.28
06/29/05,7267.86
06/28/05,7210.31
06/27/05,7208.97
06/24/05,7246.65
06/23/05,7320.12
06/22/05,7314.33
06/21/05,7325.82
06/20/05,7346.31
06/17/05,7346.32
06/16/05,7289.76
06/15/05,7235.5
06/14/05,7213.03
06/13/05,7199.68
06/10/05,7212.29
06/09/05,7180.07
06/08/05,7199.34
06/07/05,7184.52
06/06/05,7169.36
06/03/05,7205.77
06/02/05,7206.08
06/01/05,7134.32
05/31/05,7185.08
05/27/05,7164.42
05/26/05,7129.29
05/25/05,7153.39
05/24/05,7155.91
05/23/05,7120.52
05/20/05,7140.97
05/19/05,7113.13
05/18/05,7034.82
05/17/05,6996.1
05/16/05,6937.51
05/13/05,6989.8
05/12/05,7079.85
05/11/05,7067.06
05/10/05,7066.81
05/09/05,7144.6
05/06/05,7117.31
05/05/05,7125.66
05/04/05,7032.4
05/03/05,7042.8
05/02/05,7008.37
04/29/05,7008.32
04/28/05,6935.31
04/27/05,7010.21
04/26/05,7011.21
04/25/05,7071.86
04/22/05,7015.85
04/21/05,7049.18
04/20/05,6937.6
04/19/05,7030.74
04/18/05,6969.09
04/15/05,6958.35
04/14/05,7063.74
04/13/05,7133.99
04/12/05,7208.04
04/11/05,7189.42
04/08/05,7181.5
04/07/05,7227.08
04/06/05,7191.18
04/05/05,7170.9
04/04/05,7137.53
04/01/05,7136.36
03/31/05,7167.53
03/30/05,7158.5
03/29/05,7070.53
03/28/05,7131.52
03/24/05,7128.8
03/23/05,7127.18
03/22/05,7158.97
03/21/05,7229.2
03/18/05,7276.84
03/17/05,7284.31
03/16/05,7264.47
03/15/05,7310.41
03/14/05,7353.89
03/11/05,7330.43
03/10/05,7354.98
03/09/05,7354.74
03/08/05,7426.17
03/07/05,7440.31
03/04/05,7441.18
03/03/05,7357.12
03/02/05,7343.14
03/01/05,7351.03
02/28/05,7321.23
02/25/05,7361.89
02/24/05,7283.28
02/23/05,7243.28
02/22/05,7211.17
02/18/05,7287.47
02/17/05,7272.54
02/16/05,7306.76
02/15/05,7303.96
02/14/05,7280.37
02/11/05,7261.64
02/10/05,7210.65
02/09/05,7161.99
02/08/05,7207.45
02/07/05,7200.91
02/04/05,7217.43
02/03/05,7148.32
02/02/05,7169.39
02/01/05,7146.21
01/31/05,7089.83
01/28/05,7031.99
01/27/05,7048.97
01/26/05,7046.4
01/25/05,6998.64
01/24/05,6984.03
01/21/05,6996.56
01/20/05,7010.47
01/19/05,7059.27
01/18/05,7114.53
01/14/05,7066.22
01/13/05,7028.67
01/12/05,7075.64
01/11/05,7044.11
01/10/05,7081.7
01/07/05,7057.51
01/06/05,7076.94
01/05/05,7055.21
01/04/05,7090.52
01/03/05,7179.71
12/31/04,7250.06
12/30/04,7253.56
12/29/04,7242.24
12/28/04,7245.81
12/27/04,7197.27
12/23/04,7208.78
12/22/04,7190.14
12/21/04,7167.03
12/20/04,7116.98
12/17/04,7098.15
12/16/04,7131.98
12/15/04,7159.65
12/14/04,7124.61
12/13/04,7102.41
12/10/04,7028.51
12/09/04,7048.1
12/08/04,7029.97
12/07/04,7014.72
12/06/04,7082.58
12/03/04,7092.62
12/02/04,7074.82
12/01/04,7097.32
11/30/04,7005.72
11/29/04,7032.23
11/26/04,7046.69
11/24/04,7016.35
11/23/04,6985.3
11/22/04,6979.79
11/19/04,6947.19
11/18/04,7002.91
11/17/04,7013.46
11/16/04,6959.3
11/15/04,7003.06
11/12/04,7014.18
11/11/04,6950.97
11/10/04,6891.22
11/09/04,6886.34
11/08/04,6890
11/05/04,6906.23
11/04/04,6885.2
11/03/04,6787.4
11/02/04,6701.47
11/01/04,6699.86
10/29/04,6692.71
10/28/04,6670.5
10/27/04,6665.87
10/26/04,6598.45
10/25/04,6520.9
10/22/04,6521.32
10/21/04,6563.49
10/20/04,6539.48
10/19/04,6530.39
10/18/04,6572.37
10/15/04,6559.38
10/14/04,6516.1
10/13/04,6556.53
10/12/04,6609.71
10/11/04,6643.17
10/08/04,6636.42
10/07/04,6654.22
10/06/04,6717.43
10/05/04,6679.25
10/04/04,6677.75
10/01/04,6663.18
09/30/04,6570.25
09/29/04,6560.68
09/28/04,6543.39
09/27/04,6496.37
09/24/04,6531.37
09/23/04,6521.43
09/22/04,6548.56
09/21/04,6633.22
09/20/04,6565.9
09/17/04,6604
09/16/04,6574.61
09/15/04,6546.32
09/14/04,6594.21
09/13/04,6581.81
09/10/04,6568.3
09/09/04,6544.31
09/08/04,6534.09
09/07/04,6555.64
09/03/04,6510.44
09/02/04,6535.05
09/01/04,6469.86
08/31/04,6454.22
08/30/04,6414.54
08/27/04,6455.52
08/26/04,6439.8
08/25/04,6431.79
08/24/04,6382.51
08/23/04,6385.44
08/20/04,6414.67
08/19/04,6372.63
08/18/04,6386.73
08/17/04,6320.25
08/16/04,6315.95
08/13/04,6234.84
08/12/04,6217.06
08/11/04,6278.6
08/10/04,6295.11
08/09/04,6227.55
08/06/04,6225.83
08/05/04,6295.1
08/04/04,6385.06
08/03/04,6402.71
08/02/04,6426.4
07/30/04,6403.15
07/29/04,6394.07
07/28/04,6357.77
07/27/04,6347.6
07/26/04,6297.64
07/23/04,6324.1
07/22/04,6390.63
07/21/04,6390.21
07/20/04,6473.03
07/19/04,6446.66
07/16/04,6456.02
07/15/04,6457.12
07/14/04,6488.8
07/13/04,6504.6
07/12/04,6503.78
07/09/04,6500.4
07/08/04,6473.58
07/07/04,6518.71
07/06/04,6497.53
07/02/04,6542.36
07/01/04,6544.76
06/30/04,6602.99
06/29/04,6574.52
06/28/04,6571.58
06/25/04,6571.2
06/24/04,6597.56
06/23/04,6602.34
06/22/04,6553.81
06/21/04,6545.16
06/18/04,6566.58
06/17/04,6546.01
06/16/04,6535.37
06/15/04,6526.03
06/14/04,6465.21
06/10/04,6556.97
06/09/04,6525.52
06/08/04,6603.42
06/07/04,6610.89
06/04/04,6503.88
06/03/04,6456.71
06/02/04,6506.34
06/01/04,6487.25
05/28/04,6484.72
05/27/04,6492.3
05/26/04,6435.14
05/25/04,6429.32
05/24/04,6334.13
05/21/04,6308.12
05/20/04,6277.12
05/19/04,6287.16
05/18/04,6276.53
05/17/04,6231.19
05/14/04,6293.34
05/13/04,6294.58
05/12/04,6311.14
05/11/04,6300.96
05/10/04,6251.82
05/07/04,6364.07
05/06/04,6483.09
05/05/04,6554.02
05/04/04,6531.24
05/03/04,6488.75
04/30/04,6439.42
04/29/04,6452.23
04/28/04,6500.21
04/27/04,6612.7
04/26/04,6597.7
04/23/04,6616.88
04/22/04,6633.3
04/21/04,6546.77
04/20/04,6527.12
04/19/04,6620.05
04/16/04,6616.93
04/15/04,6569.46
04/14/04,6551.17
04/13/04,6583.63
04/12/04,6683.65
04/08/04,6655.71
04/07/04,6675.4
04/06/04,6694.14
04/05/04,6715.09
04/02/04,6680.33
04/01/04,6644.34
03/31/04,6599.06
03/30/04,6586.63
03/29/04,6553.56
03/26/04,6469.57
03/25/04,6464.42
03/24/04,6375.67
03/23/04,6418.32
03/22/04,6404.27
03/19/04,6501.53
03/18/04,6561.17
03/17/04,6567.72
03/16/04,6489.71
03/15/04,6445.12
03/12/04,6545.96
03/11/04,6480.55
03/10/04,6591.72
03/09/04,6698.07
03/08/04,6741.38
03/05/04,6780.03
03/04/04,6742.75
03/03/04,6718.33
03/02/04,6717.13
03/01/04,6766.56
02/27/04,6692.37
02/26/04,6677.66
02/25/04,6670.27
02/24/04,6654.88
02/23/04,6665.5
02/20/04,6676.71
02/19/04,6715.3
02/18/04,6719.14
02/17/04,6770.27
02/13/04,6691.4
02/12/04,6716.19
02/11/04,6751.05
02/10/04,6677.04
02/09/04,6641.82
02/06/04,6632.67
02/05/04,6544.28
02/04/04,6526.1
02/03/04,6574.82
02/02/04,6568.7
01/30/04,6551.63
01/29/04,6555.71
01/28/04,6555.97
01/27/04,6639.78
01/26/04,6672.04
01/23/04,6626.82
01/22/04,6657.09
01/21/04,6658.32
01/20/04,6599.48
01/16/04,6567.68
01/15/04,6550.04
01/14/04,6559.81
01/13/04,6509.45
01/12/04,6543.68
01/09/04,6526.17
01/08/04,6569.32
01/07/04,6525.3
01/06/04,6541.15
01/05/04,6534.58
01/02/04,6451.26
12/30/03,6443.6
12/29/03,6442.2
12/26/03,6364.34
12/24/03,6350.34
12/23/03,6337.48
12/22/03,6321.84
12/19/03,6284.3
12/18/03,6288.05
12/17/03,6215.99
12/16/03,6207.05
12/15/03,6172.02
12/12/03,6196.29
12/11/03,6176.85
12/10/03,6108.65
12/09/03,6137.17
12/08/03,6166.17
12/05/03,6122.89
12/04/03,6153.9
12/03/03,6142.78
12/02/03,6139.62
12/01/03,6147.35
11/28/03,6073.02
11/26/03,6068.77
11/25/03,6033.19
11/24/03,6016.09
11/21/03,5942.32
11/20/03,5924.78
11/19/03,5967.13
11/18/03,5939.05
11/17/03,5963.35
11/14/03,6010.73
11/13/03,6036.81
11/12/03,6018.94
11/11/03,5941.2
11/10/03,5950.68
11/07/03,5989.17
11/06/03,5985.24
11/05/03,5966.58
11/04/03,5975.92
11/03/03,5995.98
10/31/03,5959.01
10/30/03,5951.37
10/29/03,5952.39
10/28/03,5945.93
10/27/03,5870.18
10/24/03,5851.14
10/23/03,5864.33
10/22/03,5858.13
10/21/03,5937.99
10/20/03,5930.68
10/17/03,5907.12
10/16/03,5952.25
10/15/03,5935.61
10/14/03,5960.28
10/13/03,5940.75
10/10/03,5897
10/09/03,5886.89
10/08/03,5855.34
10/07/03,5876.56
10/06/03,5858.02
10/03/03,5831.78
10/02/03,5779.96
10/01/03,5768.32
09/30/03,5644.03
09/29/03,5685.35
09/26/03,5644.14
09/25/03,5679.63
09/24/03,5712.62
09/23/03,5794.22
09/22/03,5771.1
09/19/03,5847.88
09/18/03,5855.97
09/17/03,5787.09
09/16/03,5800.18
09/15/03,5730.44
09/12/03,5749.26
09/11/03,5734.51
09/10/03,5708.23
09/09/03,5766.18
09/08/03,5805.6
09/05/03,5747.68
09/04/03,5768.55
09/03/03,5759.8
09/02/03,5732.27
08/29/03,5660.16
08/28/03,5639.15
08/27/03,5605.73
08/26/03,5597.49
08/25/03,5585.64
08/22/03,5594.93
08/21/03,5656.87
08/20/03,5645.14
08/19/03,5657.8
08/18/03,5652.01
08/15/03,5616.36
08/14/03,5610.48
08/13/03,5569.62
08/12/03,5594.9
08/11/03,5552.29
08/08/03,5526.42
08/07/03,5499.99
08/06/03,5460.91
08/05/03,5451.02
08/04/03,5515.68
08/01/03,5505.73
07/31/03,5558.99
07/30/03,5557.53
07/29/03,5570.59
07/28/03,5606.61
07/25/03,5611.02
07/24/03,5531.61
07/23/03,5538.62
07/22/03,5527.11
07/21/03,5483.61
07/18/03,5555.26
07/17/03,5484.19
07/16/03,5552.51
07/15/03,5583.85
07/14/03,5625.3
07/11/03,5588.79
07/10/03,5544.79
07/09/03,5642.44
07/08/03,5642.44
07/07/03,5639.16
07/04/03,5558.46
07/03/03,5558.46
07/02/03,5590.55
07/01/03,5526.48
06/30/03,5505.17
06/27/03,5509.61
06/26/03,5555.84
06/25/03,5523.35
06/24/03,5551.19
06/23/03,5549.09
06/19/03,5627.43
06/18/03,5706.06
06/17/03,5722.85
06/16/03,5714.41
06/13/03,5598.61
06/12/03,5650.66
06/11/03,5646.77
06/10/03,5564.37
06/09/03,5520.08
06/06/03,5583.08
06/05/03,5585.5
06/04/03,5558.42
06/03/03,5481.59
06/02/03,5470.02
05/30/03,5435.37
05/29/03,5366.23
05/28/03,5377.73
05/27/03,5367.44
05/23/03,5288.45
05/22/03,5273.51
05/21/03,5223.22
05/20/03,5204.9
05/19/03,5196.51
05/16/03,5321.71
05/15/03,5312.55
05/14/03,5279.47
05/13/03,5283.76
05/12/03,5300.22
05/09/03,5242.84
05/08/03,5174.51
05/07/03,5226.7
05/06/03,5259.06
05/05/03,5207.13
05/02/03,5201.1
05/01/03,5126.8
04/30/03,5131.56
04/29/03,5117.1
04/28/03,5108.24
04/25/03,5017.62
04/24/03,5085.3
04/23/03,5135.12
04/22/03,5101.81
04/21/03,5004.98
04/17/03,5006.32
04/16/03,4932.6
04/15/03,4995.25
04/14/03,4956.28
04/11/03,4875.63
04/10/03,4887.41
04/09/03,4870.57
04/08/03,4917.6
04/07/03,4923.27
04/04/03,4898.05
04/03/03,4870.29
04/02/03,4897.97
04/01/03,4793.56
03/31/03,4730.21
03/28/03,4809.1
03/27/03,4829.71
03/26/03,4844.63
03/25/03,4862.01
03/24/03,4801.58
03/21/03,4970.94
03/20/03,4856.44
03/19/03,4845.37
03/18/03,4800.16
03/17/03,4783.95
03/14/03,4641.63
03/13/03,4625.21
03/12/03,4486.7
03/11/03,4499.64
03/10/03,4529.07
03/07/03,4645.1
03/06/03,4626.02
03/05/03,4673.75
03/04/03,4638.05
03/03/03,4709.38
02/28/03,4716.07
02/27/03,4693.53
02/26/03,4653.98
02/25/03,4713.38
02/24/03,4706.22
02/21/03,4787.17
02/20/03,4730.84
02/19/03,4763.45
02/18/03,4805.73
02/14/03,4729.74
02/13/03,4653.25
02/12/03,4649.71
02/11/03,4708.69
02/10/03,4732.77
02/07/03,4713.66
02/06/03,4757.3
02/05/03,4807.86
02/04/03,4824.46
02/03/03,4884.79
01/31/03,4868.68
01/30/03,4784.44
01/29/03,4865.96
01/28/03,4840.99
01/27/03,4786.96
01/24/03,4880.19
01/23/03,4995.66
01/22/03,4962.98
01/21/03,5016.28
01/17/03,5108.51
01/16/03,5165.34
01/15/03,5171.45
01/14/03,5233.66
01/13/03,5209.21
1/10/2003,5209.799805
1/9/2003,5210.339844
1/8/2003,5124.189941
1/7/2003,5186.919922
1/6/2003,5255.390137
1/3/2003,5148.450195
1/2/2003,5146
12/31/2002,5000
12/30/2002,4986.149902
12/27/2002,4958.02002
12/26/2002,5036.589844
12/24/2002,5044.299805
12/23/2002,5067.669922
12/20/2002,5067.140137
12/19/2002,5001.370117
12/18/2002,5037.959961
12/17/2002,5094.740234
12/16/2002,5138.089844
12/13/2002,5035.100098
12/12/2002,5086.919922
12/11/2002,5105.209961
12/10/2002,5104.680176
12/9/2002,5040.709961
12/6/2002,5131.850098
12/5/2002,5104.790039
12/4/2002,5155.430176
12/3/2002,5164.629883
12/2/2002,5229.660156
11/29/2002,5236.850098
11/27/2002,5247.640137
11/26/2002,5111.339844
11/25/2002,5208.830078
11/22/2002,5198.359863
11/21/2002,5214.120117
11/20/2002,5122.22998
11/19/2002,5044.830078
11/18/2002,5057.200195
11/15/2002,5100.129883
11/14/2002,5061.640137
11/13/2002,4958.02002
11/12/2002,4971.450195
11/11/2002,4947.97998
11/8/2002,5040.069824
11/7/2002,5079.509766
11/6/2002,5182.290039
11/5/2002,5136.720215
11/4/2002,5098.859863
11/1/2002,5079.72998
10/31/2002,5000.319824
10/30/2002,5027.279785
10/29/2002,4985.410156
10/28/2002,5028.549805
10/25/2002,5066.399902
10/24/2002,4993.129883
10/23/2002,5059
10/22/2002,5036.799805
10/21/2002,5093.259766
10/18/2002,5011.310059
10/17/2002,4995.240234
10/16/2002,4888.339844
10/15/2002,4992.810059
10/14/2002,4785.990234
10/11/2002,4754.689941
10/10/2002,4590.799805
10/9/2002,4452.490234
10/8/2002,4591.330078
10/7/2002,4521.220215
10/4/2002,4613.419922
10/3/2002,4718.419922
10/2/2002,4762.089844
10/1/2002,4873.75
9/30/2002,4709.959961
9/27/2002,4760.609863
9/26/2002,4914.669922
9/25/2002,4811.890137
9/24/2002,4709.330078
9/23/2002,4798.149902
9/20/2002,4853.029785
9/19/2002,4842.660156
9/18/2002,4987.52002
9/17/2002,5011
9/16/2002,5112.930176
9/13/2002,5100.240234
9/12/2002,5089.560059
9/11/2002,5205.759766
9/10/2002,5200.049805
9/9/2002,5172.029785
9/6/2002,5124.450195
9/5/2002,5054.560059
9/4/2002,5118
9/3/2002,5036.589844
8/30/2002,5239.810059
8/29/2002,5236.109863
8/28/2002,5243.089844
8/27/2002,5330.850098
8/26/2002,5388.47998
8/23/2002,5343.430176
8/22/2002,5452.450195
8/21/2002,5379.700195
8/20/2002,5319.959961
8/19/2002,5385.72998
8/16/2002,5278.089844
8/15/2002,5287.080078
8/14/2002,5223.319824
8/13/2002,5057.839844
8/12/2002,5157.870117
8/9/2002,5185.669922
8/8/2002,5160.089844
8/7/2002,5007.080078
8/6/2002,4921.330078
8/5/2002,4793.180176
8/2/2002,4954.640137
8/1/2002,5067.879883
7/31/2002,5195.609863
7/30/2002,5142.529785
7/29/2002,5125.189941
7/26/2002,4872.799805
7/25/2002,4804.279785
7/24/2002,4791.490234
7/23/2002,4549.660156
7/22/2002,4666.5
7/19/2002,4818.129883
7/18/2002,4994.290039
7/17/2002,5121.279785
7/16/2002,5100.97998
7/15/2002,5188.850098
7/12/2002,5228.080078
7/11/2002,5262.549805
7/10/2002,5254.509766
7/9/2002,5423.580078
7/8/2002,5554.589844
7/5/2002,5598.680176
7/3/2002,5426.859863
7/2/2002,5423.049805
7/1/2002,5535.240234
6/28/2002,5636.540039
6/27/2002,5626.919922
6/26/2002,5543.279785
6/25/2002,5568.549805
6/24/2002,5645.419922
6/21/2002,5650.069824
6/20/2002,5734.129883
6/19/2002,5797.790039
6/18/2002,5870.540039
6/17/2002,5859.859863
6/14/2002,5712.459961
6/13/2002,5726.100098
6/12/2002,5779.180176
6/11/2002,5765.540039
6/10/2002,5851.399902
6/7/2002,5832.149902
6/6/2002,5816.080078
6/5/2002,5920.870117
6/4/2002,5878.990234
6/3/2002,5901.830078
5/31/2002,6035.27002
5/30/2002,6003.759766
5/29/2002,6030.200195
5/28/2002,6054.310059
5/24/2002,6102.72998
5/23/2002,6157.189941
5/22/2002,6100.830078
5/21/2002,6080.740234
5/20/2002,6135.089844
5/17/2002,6193.879883
5/16/2002,6150.529785
5/15/2002,6127.899902
5/14/2002,6160.890137
5/13/2002,6060.649902
5/10/2002,5981.879883
5/9/2002,6055.790039
5/8/2002,6124.52002
5/7/2002,5977.859863
5/6/2002,6002.5
5/3/2002,6109.399902
5/2/2002,6150.209961
5/1/2002,6136.459961
4/30/2002,6071.220215
4/29/2002,6010.430176
4/26/2002,6072.700195
4/25/2002,6132.450195
4/24/2002,6144.709961
4/23/2002,6178.22998
4/22/2002,6196.72998
4/19/2002,6278.470215
4/18/2002,6269.689941
4/17/2002,6275.299805
4/16/2002,6288.509766
4/15/2002,6173.470215
4/12/2002,6217.350098
4/11/2002,6181.189941
4/10/2002,6315.899902
4/9/2002,6247.379883
4/8/2002,6255.839844
4/5/2002,6246.540039
4/4/2002,6249.180176
4/3/2002,6245.689941
4/2/2002,6305.330078
4/1/2002,6327.109863
3/28/2002,6348.790039
3/27/2002,6342.649902
3/26/2002,6298.560059
3/25/2002,6264.200195
3/22/2002,6345.189941
3/21/2002,6363.47998
3/20/2002,6369.299805
3/19/2002,6445.009766
3/18/2002,6420.790039
3/15/2002,6419.629883
3/14/2002,6352.700195
3/13/2002,6348.359863
3/12/2002,6392.97998
3/11/2002,6388.859863
3/8/2002,6366.439941
3/7/2002,6353.75
3/6/2002,6377.120117
3/5/2002,6287.25
3/4/2002,6332.5
3/1/2002,6224.02002
2/28/2002,6117.959961
2/27/2002,6124.299805
2/26/2002,6104.640137
2/25/2002,6094.279785
2/22/2002,6008.839844
2/21/2002,5959.140137
2/20/2002,6017.930176
2/19/2002,5943.279785
2/15/2002,6040.240234
2/14/2002,6086.870117
2/13/2002,6091.419922
2/12/2002,6042.680176
2/11/2002,6055.359863
2/8/2002,5977.75
2/7/2002,5894.75
2/6/2002,5898.129883
2/5/2002,5927.629883
2/4/2002,5949.200195
2/1/2002,6087.930176
1/31/2002,6116.899902
1/30/2002,6032.740234
1/29/2002,5973.419922
1/28/2002,6128.850098
1/25/2002,6133.819824
1/24/2002,6121.339844
1/23/2002,6107.600098
1/22/2002,6072.180176
1/18/2002,6092.47998
1/17/2002,6124.939941
1/16/2002,6081.589844
1/15/2002,6160.569824
1/14/2002,6122.609863
1/11/2002,6161
1/10/2002,6210.899902
1/9/2002,6207.410156
1/8/2002,6235.430176
1/7/2002,6271.810059
1/4/2002,6307.970215
1/3/2002,6266.310059
1/2/2002,6244.209961
12/31/2001,6236.390137
12/28/2001,6284.810059
12/27/2001,6260.490234
12/26/2001,6224.02002
12/24/2001,6196.72998
12/21/2001,6193.029785
12/20/2001,6167.22998
12/19/2001,6186.899902
12/18/2001,6138.689941
12/17/2001,6088.879883
12/14/2001,6039.189941
12/13/2001,6019.310059
12/12/2001,6084.02002
12/11/2001,6091.629883
12/10/2001,6114.259766
12/7/2001,6208.790039
12/6/2001,6236.919922
12/5/2001,6252.459961
12/4/2001,6145.029785
12/3/2001,6082.959961
11/30/2001,6125.040039
11/29/2001,6130.120117
11/28/2001,6082.009766
11/27/2001,6181.189941
11/26/2001,6219.790039
11/23/2001,6194.299805
11/21/2001,6128.109863
11/20/2001,6157.290039
11/19/2001,6178.129883
11/16/2001,6120.390137
11/15/2001,6130.540039
11/14/2001,6127.27002
11/13/2001,6114.890137
11/12/2001,6017.720215
11/9/2001,6033.47998
11/8/2001,6027.77002
11/7/2001,6010.950195
11/6/2001,6030.089844
11/5/2001,5961.359863
11/2/2001,5895.910156
11/1/2001,5878.569824
10/31/2001,5776.850098
10/30/2001,5781.080078
10/29/2001,5877.410156
10/26/2001,5990.859863
10/25/2001,5952.589844
10/24/2001,5890.410156
10/23/2001,5906.799805
10/22/2001,5936.620117
10/19/2001,5861.22998
10/18/2001,5839.129883
10/17/2001,5899.299805
10/16/2001,5977.009766
10/15/2001,5940.529785
10/12/2001,5942.22998
10/11/2001,5982.509766
10/10/2001,5919.910156
10/9/2001,5801.069824
10/8/2001,5806.669922
10/5/2001,5862.080078
10/4/2001,5866.089844
10/3/2001,5880.580078
10/2/2001,5803.069824
10/1/2001,5731.490234
9/28/2001,5750.419922
9/27/2001,5628.399902
9/26/2001,5546.560059
9/25/2001,5561.680176
9/24/2001,5513.350098
9/21/2001,5331.379883
9/20/2001,5436.589844
9/19/2001,5597.52002
9/18/2001,5692.580078
9/17/2001,5730.859863
9/10/2001,6006.720215
9/7/2001,5986.529785
9/6/2001,6104.319824
9/5/2001,6222.319824
9/4/2001,6233.740234
8/31/2001,6215.660156
8/30/2001,6197.259766
8/29/2001,6275.830078
8/28/2001,6331.970215
8/27/2001,6407.049805
8/24/2001,6434.859863
8/23/2001,6353.649902
8/22/2001,6362.950195
8/21/2001,6330.490234
8/20/2001,6377.759766
8/17/2001,6335.569824
8/16/2001,6411.490234
8/15/2001,6406.620117
8/14/2001,6423.959961
8/13/2001,6429.149902
8/10/2001,6432.419922
8/9/2001,6389.279785
8/8/2001,6390.970215
8/7/2001,6476.410156
8/6/2001,6451.350098
8/3/2001,6516.700195
8/2/2001,6538.799805
8/1/2001,6525.580078
7/31/2001,6523.359863
7/30/2001,6490.680176
7/27/2001,6487.620117
7/26/2001,6470.910156
7/25/2001,6411.060059
7/24/2001,6324.359863
7/23/2001,6433.899902
7/20/2001,6520.709961
7/19/2001,6528.640137
7/18/2001,6508.450195
7/17/2001,6520.290039
7/16/2001,6466.680176
7/13/2001,6515.109863
7/12/2001,6479.160156
7/11/2001,6378.290039
7/10/2001,6406.939941
7/9/2001,6469.959961
7/6/2001,6443
7/5/2001,6565.22998
7/3/2001,6619.259766
7/2/2001,6632.580078
6/29/2001,6574.319824
6/28/2001,6573.689941
6/27/2001,6513.419922
6/26/2001,6543.240234
6/25/2001,6557.089844
6/22/2001,6612.490234
6/21/2001,6672.870117
6/20/2001,6614.080078
6/19/2001,6564.069824
6/18/2001,6554.129883
6/15/2001,6576.22998
6/14/2001,6597.580078
6/13/2001,6690.209961
6/12/2001,6736.310059
6/11/2001,6739.379883
6/8/2001,6786.220215
6/7/2001,6828.620117
6/6/2001,6820.580078
6/5/2001,6894.390137
6/4/2001,6836.02002
6/1/2001,6796.899902
5/31/2001,6784.850098
5/30/2001,6747.200195
5/29/2001,6821.330078
5/25/2001,6842.580078
5/24/2001,6904.430176
5/23/2001,6903.589844
5/22/2001,6993.359863
5/21/2001,7016.299805
5/18/2001,6948.529785
5/17/2001,6928.439941
5/16/2001,6901.790039
5/15/2001,6740.009766
5/14/2001,6730.5
5/11/2001,6699.939941
5/10/2001,6745.930176
5/9/2001,6727.959961
5/8/2001,6730.290039
5/7/2001,6756.830078
5/4/2001,6767.720215
5/3/2001,6687.040039
5/2/2001,6754.819824
5/1/2001,6778.180176
4/30/2001,6712.52002
4/27/2001,6742.22998
4/26/2001,6654.680176
4/25/2001,6592.720215
4/24/2001,6491.950195
4/23/2001,6542.709961
4/20/2001,6591.129883
4/19/2001,6649.080078
4/18/2001,6619.370117
4/17/2001,6437.080078
4/16/2001,6368.77002
4/12/2001,6362.640137
4/11/2001,6291.370117
4/10/2001,6342.439941
4/9/2001,6214.080078
4/6/2001,6164.799805
4/5/2001,6265.459961
4/4/2001,6055.680176
4/3/2001,6049.02002
4/2/2001,6230.990234
3/30/2001,6298.350098
3/29/2001,6224.540039
3/28/2001,6239.140137
3/27/2001,6340.959961
3/26/2001,6206.890137
3/23/2001,6110.240234
3/22/2001,5988.430176
3/21/2001,6081.379883
3/20/2001,6201.919922
3/19/2001,6303.740234
3/16/2001,6213.759766
3/15/2001,6332.080078
3/14/2001,6278.259766
3/13/2001,6443
3/12/2001,6407.359863
3/9/2001,6650.77002
3/8/2001,6759.259766
3/7/2001,6721.830078
3/6/2001,6684.5
3/5/2001,6649.290039
3/2/2001,6628.350098
3/1/2001,6610.169922
2/28/2001,6629.089844
2/27/2001,6698.040039
2/26/2001,6708.930176
2/23/2001,6587.430176
2/22/2001,6636.279785
2/21/2001,6658.700195
2/20/2001,6781.359863
2/16/2001,6850.509766
2/15/2001,6919.97998
2/14/2001,6894.390137
2/13/2001,6954.549805
2/12/2001,6989.129883
2/9/2001,6907.609863
2/8/2001,6954.97998
2/7/2001,6974.430176
2/6/2001,7002.560059
2/5/2001,7016.72998
2/2/2001,6980.990234
2/1/2001,7048.129883
1/31/2001,7017.149902
1/30/2001,7022.970215
1/29/2001,6959.419922
1/26/2001,6931.189941
1/25/2001,6961.430176
1/24/2001,6939.120117
1/23/2001,6928.120117
1/22/2001,6853.790039
1/19/2001,6836.660156
1/18/2001,6889
1/17/2001,6852.410156
1/16/2001,6874.830078
1/12/2001,6813.290039
1/11/2001,6835.490234
1/10/2001,6802.399902
1/9/2001,6754.819824
1/8/2001,6759.049805
1/5/2001,6774.060059
1/4/2001,6894.810059
1/3/2001,6968.830078
1/2/2001,6785.689941
12/29/2000,6945.569824
12/28/2000,6977.600098
12/27/2000,6911.620117
12/26/2000,6831.580078
12/22/2000,6762.430176
12/21/2000,6653.839844
12/20/2000,6608.259766
12/19/2000,6765.709961
12/18/2000,6801.339844
12/15/2000,6723.410156
12/14/2000,6826.189941
12/13/2000,6907.819824
12/12/2000,6925.790039
12/11/2000,6952.549805
12/8/2000,6929.709961
12/7/2000,6817.72998
12/6/2000,6827.669922
12/5/2000,6907.5
12/4/2000,6739.799805
12/1/2000,6677.209961
11/30/2000,6659.120117
11/29/2000,6739.910156
11/28/2000,6707.22998
11/27/2000,6734.72998
11/24/2000,6683.549805
11/22/2000,6624.02002
11/21/2000,6716.75
11/20/2000,6707.339844
11/17/2000,6806.72998
11/16/2000,6841.419922
11/15/2000,6884.450195
11/14/2000,6857.279785
11/13/2000,6757.140137
11/10/2000,6835.279785
11/9/2000,6938.47998
11/8/2000,6997.689941
11/7/2000,7026.459961
11/6/2000,7035.649902
11/3/2000,6992.939941
11/2/2000,7012.819824
11/1/2000,7026.240234
10/31/2000,7042.319824
10/30/2000,6920.819824
10/27/2000,6777.870117
10/26/2000,6698.25
10/25/2000,6730.180176
10/24/2000,6836.339844
10/23/2000,6791.399902
10/20/2000,6790.129883
10/19/2000,6753.02002
10/18/2000,6609.740234
10/17/2000,6655.740234
10/16/2000,6784.850098
10/13/2000,6741.919922
10/12/2000,6599.279785
10/11/2000,6771.629883
10/10/2000,6876.72998
10/9/2000,6910.459961
10/6/2000,6937.640137
10/5/2000,7061.879883
10/4/2000,7033.009766
10/3/2000,7027.509766
10/2/2000,7046.02002
9/29/2000,7010.810059
9/28/2000,7060.609863
9/27/2000,6936.899902
9/26/2000,6924
9/25/2000,6973.160156
9/22/2000,6971.680176
9/21/2000,6917.649902
9/20/2000,6913.529785
9/19/2000,6990.399902
9/18/2000,6976.339844
9/15/2000,7078.27002
9/14/2000,7131.140137
9/13/2000,7139.589844
9/12/2000,7146.149902
9/11/2000,7160.950195
9/8/2000,7144.990234
9/7/2000,7142.450195
9/6/2000,7131.560059
9/5/2000,7149.959961
9/1/2000,7164.549805
8/31/2000,7132.299805
8/30/2000,7089.259766
8/29/2000,7120.77002
8/28/2000,7140.02002
8/25/2000,7111.149902
8/24/2000,7104.910156
8/23/2000,7107.870117
8/22/2000,7101.529785
8/21/2000,7096.669922
8/18/2000,7073.299805
8/17/2000,7096.97998
8/16/2000,7044.75
8/15/2000,7063.359863
8/14/2000,7106.080078
8/11/2000,7028.779785
8/10/2000,6970.72998
8/9/2000,6984.689941
8/8/2000,7038.930176
8/7/2000,7015.879883
8/4/2000,6955.290039
8/3/2000,6891.009766
8/2/2000,6876.200195
8/1/2000,6851.350098
7/31/2000,6773.850098
7/28/2000,6758.310059
7/27/2000,6843.319824
7/26/2000,6818.049805
7/25/2000,6899.990234
7/24/2000,6883.5
7/21/2000,6929.810059
7/20/2000,6980.669922
7/19/2000,6946.410156
7/18/2000,6959.740234
7/17/2000,7012.5
7/14/2000,7018.839844
7/13/2000,6975.600098
7/12/2000,6990.609863
7/11/2000,6977.600098
7/10/2000,6939.430176
7/7/2000,6919.029785
7/6/2000,6827.990234
7/5/2000,6819
7/3/2000,6874.930176
6/30/2000,6798.169922
6/29/2000,6796.27002
6/28/2000,6811.700195
6/27/2000,6806.419922
6/26/2000,6808.850098
6/23/2000,6766.759766
6/22/2000,6783.470215
6/21/2000,6862.140137
6/20/2000,6865.100098
6/19/2000,6918.919922
6/16/2000,6869.540039
6/15/2000,6951.589844
6/14/2000,6944.089844
6/13/2000,6911.310059
6/12/2000,6838.879883
6/9/2000,6856.430176
6/8/2000,6893.439941
6/7/2000,6935.100098
6/6/2000,6904.649902
6/5/2000,6927.490234
6/2/2000,6975.379883
6/1/2000,6888.359863
5/31/2000,6805.25
5/30/2000,6781.779785
5/26/2000,6649.709961
5/25/2000,6659.339844
5/24/2000,6716.220215
5/23/2000,6664.410156
5/22/2000,6713.470215
5/19/2000,6762.430176
5/18/2000,6868.589844
5/17/2000,6883.290039
5/16/2000,6966.290039
5/15/2000,6934.040039
5/12/2000,6797.430176
5/11/2000,6734.299805
5/10/2000,6644.109863
5/9/2000,6727.959961
5/8/2000,6770.359863
5/5/2000,6749.529785
5/4/2000,6676.990234
5/3/2000,6681.649902
5/2/2000,6827.990234
5/1/2000,6878.950195
4/28/2000,6811.169922
4/27/2000,6877.680176
4/26/2000,6918.5
4/25/2000,6965.660156
4/24/2000,6790.240234
4/20/2000,6760.950195
4/19/2000,6696.029785
4/18/2000,6712.310059
4/17/2000,6557.930176
4/14/2000,6465.72998
4/13/2000,6815.930176
4/12/2000,6917.859863
4/11/2000,6991.350098
4/10/2000,6975.600098
4/7/2000,6972.640137
4/6/2000,6965.870117
4/5/2000,6878.529785
4/4/2000,6897.240234
4/3/2000,6975.069824
3/31/2000,6848.609863
3/30/2000,6827.140137
3/29/2000,6866.160156
3/28/2000,6824.919922
3/27/2000,6863.830078
3/24/2000,6899.359863
3/23/2000,6897.350098
3/22/2000,6801.450195
3/21/2000,6796.689941
3/20/2000,6673.5
3/17/2000,6692.959961
3/16/2000,6708.399902
3/15/2000,6397.319824
3/14/2000,6221.899902
3/13/2000,6287.25
3/10/2000,6337.259766
3/9/2000,6375.959961
3/8/2000,6251.509766
3/7/2000,6223.379883
3/6/2000,6386.740234
3/3/2000,6454.950195
3/2/2000,6360.100098
3/1/2000,6338.740234
2/29/2000,6266.419922
2/28/2000,6177.169922
2/25/2000,6094.910156
2/24/2000,6170.509766
2/23/2000,6224.02002
2/22/2000,6239.77002
2/18/2000,6203.290039
2/17/2000,6357.560059
2/16/2000,6396.790039
2/15/2000,6459.279785
2/14/2000,6398.060059
2/11/2000,6391.399902
2/10/2000,6496.819824
2/9/2000,6523.779785
2/8/2000,6651.299805
2/7/2000,6596.319824
2/4/2000,6628.669922
2/3/2000,6657.540039
2/2/2000,6618.419922
2/1/2000,6606.890137
1/31/2000,6574.009766
1/28/2000,6469.109863
1/27/2000,6627.189941
1/26/2000,6644.850098
1/25/2000,6606.779785
1/24/2000,6611.120117
1/21/2000,6762.75
1/20/2000,6772.580078
1/19/2000,6823.970215
1/18/2000,6808.640137
1/14/2000,6870.490234
1/13/2000,6836.759766
1/12/2000,6766.549805
1/11/2000,6774.47998
1/10/2000,6838.450195
1/7/2000,6792.669922
1/6/2000,6635.439941
1/5/2000,6567.029785
1/4/2000,6543.759766
1/3/2000,6762.109863
12/31/1999,6876.100098
