Date,WIG20
2000-01-03,1852.9
2000-01-04,1796.6
2000-01-05,1777
2000-01-06,1832.1
2000-01-07,1933.2
2000-01-10,2000.8
2000-01-11,1974.9
2000-01-12,1961.3
2000-01-13,2032.9
2000-01-14,2010.5
2000-01-17,2027
2000-01-18,1982.6
2000-01-19,1971.9
2000-01-20,1995.2
2000-01-21,2003
2000-01-24,1933.1
2000-01-25,1873.7
2000-01-26,1914.1
2000-01-27,1951.3
2000-01-28,1938.5
2000-01-31,1910.1
2000-02-01,1946.3
2000-02-02,1981.3
2000-02-03,2109
2000-02-04,2096.8
2000-02-07,2142.1
2000-02-08,2205.8
2000-02-09,2198.6
2000-02-10,2170.6
2000-02-11,2132.8
2000-02-14,2146.5
2000-02-15,2155.6
2000-02-16,2157.9
2000-02-17,2221.8
2000-02-18,2264.3
2000-02-21,2242.4
2000-02-22,2333.6
2000-02-23,2344.2
2000-02-24,2426.6
2000-02-25,2327.6
2000-02-28,2268.1
2000-02-29,2341.9
2000-03-01,2391.2
2000-03-02,2358
2000-03-03,2397.4
2000-03-06,2380.1
2000-03-07,2369.1
2000-03-08,2355.7
2000-03-09,2401.2
2000-03-10,2481.8
2000-03-13,2346.1
2000-03-14,2464.8
2000-03-15,2368.2
2000-03-16,2378.4
2000-03-17,2384.1
2000-03-20,2387.9
2000-03-21,2341.5
2000-03-22,2380.7
2000-03-23,2402.3
2000-03-24,2445.7
2000-03-27,2443.7
2000-03-28,2443.1
2000-03-29,2393.9
2000-03-30,2235.9
2000-03-31,2275.5
2000-04-03,2209.9
2000-04-04,2192.1
2000-04-05,2100.4
2000-04-06,2186
2000-04-07,2228.8
2000-04-10,2217.7
2000-04-11,2132.4
2000-04-12,2174.1
2000-04-13,2163.1
2000-04-14,2121
2000-04-17,1963.7
2000-04-18,2005.5
2000-04-19,1993.8
2000-04-20,1982.8
2000-04-25,1951.3
2000-04-26,1975.8
2000-04-27,1980.8
2000-04-28,2042.8
2000-05-04,2008
2000-05-05,1970.4
2000-05-08,1942.8
2000-05-09,1946.3
2000-05-10,1990.5
2000-05-11,2044.5
2000-05-12,2060.7
2000-05-15,2023.9
2000-05-16,2109.8
2000-05-17,2063.1
2000-05-18,2068.2
2000-05-19,2016.8
2000-05-22,1983.7
2000-05-23,1952
2000-05-24,1891.9
2000-05-25,1912.9
2000-05-26,1897.8
2000-05-29,1969.7
2000-05-30,1984.6
2000-05-31,2014.7
2000-06-01,2092.8
2000-06-02,2102.9
2000-06-05,2086.3
2000-06-06,2019.7
2000-06-07,2057.4
2000-06-08,2051.7
2000-06-09,2045.6
2000-06-12,2034
2000-06-13,2016
2000-06-14,2039
2000-06-15,2041.7
2000-06-16,2030.9
2000-06-19,2002
2000-06-20,2040.9
2000-06-21,2036
2000-06-23,2024.6
2000-06-26,2061.6
2000-06-27,2064.9
2000-06-28,2063.7
2000-06-29,2020.5
2000-06-30,1997.7
2000-07-03,2023.1
2000-07-04,2030
2000-07-05,2019.1
2000-07-06,1999.5
2000-07-07,1987.8
2000-07-10,1989.7
2000-07-11,1972.7
2000-07-12,1987.5
2000-07-13,2004.8
2000-07-14,2016.4
2000-07-17,2039.9
2000-07-18,2047
2000-07-19,2064.3
2000-07-20,2061.2
2000-07-21,2061.7
2000-07-24,2069.7
2000-07-25,2046.6
2000-07-26,1993.8
2000-07-27,1966
2000-07-28,1949.3
2000-07-31,1941.1
2000-08-01,1903
2000-08-02,1941.5
2000-08-03,1909.6
2000-08-04,1942.4
2000-08-07,1924.7
2000-08-08,1943.1
2000-08-09,1970.6
2000-08-10,1922.7
2000-08-11,1886
2000-08-14,1892.2
2000-08-16,1912.1
2000-08-17,1855.6
2000-08-18,1837.2
2000-08-21,1822.6
2000-08-22,1837.4
2000-08-23,1852.7
2000-08-24,1879.4
2000-08-25,1898.6
2000-08-28,1876.9
2000-08-29,1873.4
2000-08-30,1889.3
2000-08-31,1911.7
2000-09-01,1952
2000-09-04,1939.7
2000-09-05,1919.5
2000-09-06,1910.9
2000-09-07,1894
2000-09-08,1888.7
2000-09-11,1867.7
2000-09-12,1900.7
2000-09-13,1892.3
2000-09-14,1907.2
2000-09-15,1889.6
2000-09-18,1874.3
2000-09-19,1858.4
2000-09-20,1842.1
2000-09-21,1794.4
2000-09-22,1723.1
2000-09-25,1768.1
2000-09-26,1710.5
2000-09-27,1708.3
2000-09-28,1664
2000-09-29,1688.4
2000-10-02,1700.7
2000-10-03,1667.1
2000-10-04,1643.5
2000-10-05,1668.5
2000-10-06,1658
2000-10-09,1618.6
2000-10-10,1608.7
2000-10-11,1546.7
2000-10-12,1550.3
2000-10-13,1499.1
2000-10-16,1574.8
2000-10-17,1618
2000-10-18,1542.3
2000-10-19,1608.3
2000-10-20,1630
2000-10-23,1625
2000-10-24,1644.4
2000-10-25,1606.2
2000-10-26,1582.8
2000-10-27,1571.2
2000-10-30,1543.9
2000-10-31,1568.8
2000-11-02,1648.3
2000-11-03,1663.6
2000-11-06,1733
2000-11-07,1715.3
2000-11-08,1714.3
2000-11-09,1657
2000-11-10,1630
2000-11-13,1591.1
2000-11-14,1640
2000-11-15,1622.7
2000-11-16,1628.4
2000-11-17,1643.22
2000-11-20,1653.09
2000-11-21,1660.03
2000-11-22,1639.15
2000-11-23,1626.49
2000-11-24,1677.39
2000-11-27,1688.46
2000-11-28,1665.44
2000-11-29,1658.02
2000-11-30,1623.16
2000-12-01,1626.26
2000-12-04,1601.97
2000-12-05,1638.92
2000-12-06,1680.41
2000-12-07,1690.11
2000-12-08,1714.8
2000-12-11,1723.35
2000-12-12,1734.84
2000-12-13,1744.75
2000-12-14,1799.4
2000-12-15,1785.44
2000-12-18,1818.19
2000-12-19,1847.43
2000-12-20,1792.13
2000-12-21,1772.06
2000-12-22,1816.58
2000-12-27,1843.61
2000-12-28,1825.2
2000-12-29,1816.19
2001-01-02,1794.65
2001-01-03,1779.34
2001-01-04,1826.19
2001-01-05,1784.97
2001-01-08,1745.47
2001-01-09,1766.28
2001-01-10,1732.12
2001-01-11,1710.46
2001-01-12,1732.58
2001-01-15,1715.52
2001-01-16,1704.37
2001-01-17,1722.65
2001-01-18,1728.37
2001-01-19,1782.68
2001-01-22,1754.29
2001-01-23,1742.59
2001-01-24,1743.05
2001-01-25,1746.45
2001-01-26,1744.47
2001-01-29,1762.65
2001-01-30,1774.26
2001-01-31,1772.1
2001-02-01,1772
2001-02-02,1775.29
2001-02-05,1712.15
2001-02-06,1716.85
2001-02-07,1667.59
2001-02-08,1671.5
2001-02-09,1647.17
2001-02-12,1625.17
2001-02-13,1661.73
2001-02-14,1639.58
2001-02-15,1676.81
2001-02-16,1623.43
2001-02-19,1604.34
2001-02-20,1591.58
2001-02-21,1553.93
2001-02-22,1528.61
2001-02-23,1522.52
2001-02-26,1545.47
2001-02-27,1497.18
2001-02-28,1490.33
2001-03-01,1437.08
2001-03-02,1445.46
2001-03-05,1474.06
2001-03-06,1496.45
2001-03-07,1484.08
2001-03-08,1469.77
2001-03-09,1413.78
2001-03-12,1344.23
2001-03-13,1352.57
2001-03-14,1331.4
2001-03-15,1377.88
2001-03-16,1371.68
2001-03-19,1377.3
2001-03-20,1401.13
2001-03-21,1390.01
2001-03-22,1372.41
2001-03-23,1389.05
2001-03-26,1388
2001-03-27,1377.55
2001-03-28,1390.44
2001-03-29,1371.31
2001-03-30,1375.89
2001-04-02,1359.42
2001-04-03,1334.66
2001-04-04,1317.33
2001-04-05,1347.36
2001-04-06,1367.18
2001-04-09,1390.49
2001-04-10,1421.18
2001-04-11,1450.72
2001-04-12,1450.76
2001-04-17,1407.67
2001-04-18,1477.29
2001-04-19,1499.57
2001-04-20,1498.95
2001-04-23,1475.7
2001-04-24,1466.62
2001-04-25,1467.61
2001-04-26,1483.16
2001-04-27,1472.13
2001-04-30,1441.03
2001-05-02,1438.14
2001-05-04,1422.71
2001-05-07,1414.58
2001-05-08,1392.76
2001-05-09,1362.92
2001-05-10,1403.7
2001-05-11,1416.04
2001-05-14,1433.13
2001-05-15,1407.47
2001-05-16,1379.64
2001-05-17,1394.52
2001-05-18,1400.08
2001-05-21,1445.66
2001-05-22,1489.34
2001-05-23,1485.1
2001-05-24,1494.38
2001-05-25,1476.2
2001-05-28,1473.42
2001-05-29,1472.98
2001-05-30,1455.52
2001-05-31,1467.89
2001-06-01,1461.81
2001-06-04,1425.03
2001-06-05,1440.18
2001-06-06,1411.16
2001-06-07,1378.83
2001-06-08,1347.22
2001-06-11,1318.7
2001-06-12,1330.86
2001-06-13,1333.87
2001-06-15,1298.58
2001-06-18,1283.88
2001-06-19,1280.93
2001-06-20,1259.51
2001-06-21,1298.39
2001-06-22,1303.39
2001-06-25,1322.83
2001-06-26,1289.98
2001-06-27,1284.49
2001-06-28,1277.89
2001-06-29,1271.22
2001-07-02,1254.32
2001-07-03,1226.65
2001-07-04,1193.67
2001-07-05,1191.45
2001-07-06,1219.06
2001-07-09,1204.37
2001-07-10,1176.31
2001-07-11,1160.01
2001-07-12,1207.84
2001-07-13,1200.31
2001-07-16,1228.93
2001-07-17,1192.97
2001-07-18,1194.59
2001-07-19,1189.28
2001-07-20,1137.3
2001-07-23,1139.19
2001-07-24,1120.5
2001-07-25,1118.07
2001-07-26,1155.41
2001-07-27,1184.3
2001-07-30,1188.32
2001-07-31,1173.53
2001-08-01,1179.59
2001-08-02,1189.77
2001-08-03,1182.44
2001-08-06,1179.85
2001-08-07,1164.07
2001-08-08,1142.67
2001-08-09,1118.64
2001-08-10,1119.76
2001-08-13,1102.12
2001-08-14,1123.97
2001-08-16,1087.12
2001-08-17,1062.23
2001-08-20,1074.58
2001-08-21,1090.38
2001-08-22,1113.75
2001-08-23,1111.98
2001-08-24,1133.23
2001-08-27,1123.21
2001-08-28,1114.12
2001-08-29,1120.52
2001-08-30,1130.88
2001-08-31,1138.84
2001-09-03,1148.85
2001-09-04,1147.03
2001-09-05,1169.32
2001-09-06,1190.57
2001-09-07,1170
2001-09-10,1147.41
2001-09-11,1115.41
2001-09-12,1108.81
2001-09-13,1113.26
2001-09-14,1063.46
2001-09-17,1041.2
2001-09-18,1043.45
2001-09-19,1067.92
2001-09-20,1045.98
2001-09-21,1001.71
2001-09-24,993.44
2001-09-25,1003.1
2001-09-26,1015.9
2001-09-27,1013.6
2001-09-28,1022.62
2001-10-01,1017.8
2001-10-02,1011.77
2001-10-03,990.23
2001-10-04,1010.37
2001-10-05,1001.02
2001-10-08,1002.29
2001-10-09,1047.36
2001-10-10,1106.39
2001-10-11,1144.99
2001-10-12,1144.44
2001-10-15,1131.52
2001-10-16,1192.9
2001-10-17,1187.37
2001-10-18,1170.22
2001-10-19,1157.37
2001-10-22,1191.13
2001-10-23,1184.24
2001-10-24,1206.22
2001-10-25,1208.64
2001-10-26,1260.53
2001-10-29,1265.8
2001-10-30,1231.27
2001-10-31,1236.38
2001-11-02,1223.77
2001-11-05,1227.36
2001-11-06,1219.31
2001-11-07,1210.78
2001-11-08,1246.08
2001-11-09,1254.05
2001-11-12,1237.26
2001-11-13,1287.29
2001-11-14,1338.98
2001-11-15,1330.03
2001-11-16,1325.13
2001-11-19,1329.27
2001-11-20,1312.3
2001-11-21,1273.15
2001-11-22,1280.6
2001-11-23,1272.86
2001-11-26,1265.5
2001-11-27,1276.21
2001-11-28,1269.94
2001-11-29,1258.57
2001-11-30,1252.05
2001-12-03,1245.8
2001-12-04,1276.62
2001-12-05,1280.75
2001-12-06,1282.37
2001-12-07,1276.2
2001-12-10,1237.06
2001-12-11,1224.9
2001-12-12,1215.76
2001-12-13,1177.74
2001-12-14,1172.79
2001-12-17,1178.26
2001-12-18,1219.14
2001-12-19,1214.22
2001-12-20,1206.77
2001-12-21,1195.6
2001-12-27,1203.18
2001-12-28,1207.07
2001-12-31,1208.34
2002-01-02,1217.32
2002-01-03,1285.15
2002-01-04,1332.58
2002-01-07,1353.83
2002-01-08,1343.72
2002-01-09,1407.29
2002-01-10,1389.49
2002-01-11,1402.42
2002-01-14,1372.13
2002-01-15,1382.42
2002-01-16,1395.54
2002-01-17,1431.12
2002-01-18,1416.49
2002-01-21,1401.13
2002-01-22,1450.52
2002-01-23,1438.69
2002-01-24,1451.64
2002-01-25,1464.1
2002-01-28,1423.58
2002-01-29,1437.82
2002-01-30,1413.96
2002-01-31,1445.23
2002-02-01,1427.72
2002-02-04,1401.43
2002-02-05,1371.98
2002-02-06,1382.04
2002-02-07,1362.59
2002-02-08,1369.84
2002-02-11,1379.69
2002-02-12,1367.04
2002-02-13,1385.44
2002-02-14,1377.94
2002-02-15,1371.71
2002-02-18,1355.76
2002-02-19,1345.52
2002-02-20,1351.65
2002-02-21,1338.25
2002-02-22,1333.43
2002-02-25,1368.7
2002-02-26,1375.49
2002-02-27,1374.96
2002-02-28,1367.84
2002-03-01,1390.01
2002-03-04,1396.13
2002-03-05,1387.97
2002-03-06,1379.02
2002-03-07,1402.43
2002-03-08,1407.66
2002-03-11,1378.54
2002-03-12,1347.18
2002-03-13,1354.93
2002-03-14,1367.8
2002-03-15,1367.11
2002-03-18,1345
2002-03-19,1324.46
2002-03-20,1330.83
2002-03-21,1332.62
2002-03-22,1356.99
2002-03-25,1322.69
2002-03-26,1328.38
2002-03-27,1339.27
2002-03-28,1339.05
2002-04-02,1319.67
2002-04-03,1312.75
2002-04-04,1311.9
2002-04-05,1337.44
2002-04-08,1328.45
2002-04-09,1358.94
2002-04-10,1361.47
2002-04-11,1357.09
2002-04-12,1335.82
2002-04-15,1349.17
2002-04-16,1355.53
2002-04-17,1339.86
2002-04-18,1331.82
2002-04-19,1313.37
2002-04-22,1314.98
2002-04-23,1315.15
2002-04-24,1304.21
2002-04-25,1311.22
2002-04-26,1329.27
2002-04-29,1335.97
2002-04-30,1321.33
2002-05-02,1305.48
2002-05-06,1305.05
2002-05-07,1288.67
2002-05-08,1297.95
2002-05-09,1297.07
2002-05-10,1296.44
2002-05-13,1302.08
2002-05-14,1308.97
2002-05-15,1309.9
2002-05-16,1368.1
2002-05-17,1385.85
2002-05-20,1374.52
2002-05-21,1385.49
2002-05-22,1374.29
2002-05-23,1375.95
2002-05-24,1376.75
2002-05-27,1380.35
2002-05-28,1369.31
2002-05-29,1376.84
2002-05-31,1369.37
2002-06-03,1393.12
2002-06-04,1377.88
2002-06-05,1380.04
2002-06-06,1380.57
2002-06-07,1364.56
2002-06-10,1359.8
2002-06-11,1363.67
2002-06-12,1364.71
2002-06-13,1354.83
2002-06-14,1318.23
2002-06-17,1324.04
2002-06-18,1315.95
2002-06-19,1290.59
2002-06-20,1290.13
2002-06-21,1312.45
2002-06-24,1282.89
2002-06-25,1264.69
2002-06-26,1233.96
2002-06-27,1245.6
2002-06-28,1216.35
2002-07-01,1216
2002-07-02,1193.05
2002-07-03,1191.51
2002-07-04,1182.17
2002-07-05,1206.54
2002-07-08,1206.84
2002-07-09,1217.45
2002-07-10,1196.97
2002-07-11,1172.06
2002-07-12,1169.84
2002-07-15,1152.03
2002-07-16,1150.78
2002-07-17,1181.64
2002-07-18,1148.55
2002-07-19,1119.21
2002-07-22,1083.46
2002-07-23,1098.44
2002-07-24,1061.63
2002-07-25,1042.02
2002-07-26,1067.53
2002-07-29,1055.58
2002-07-30,1058.52
2002-07-31,1067.3
2002-08-01,1086.81
2002-08-02,1081.36
2002-08-05,1065.23
2002-08-06,1067.39
2002-08-07,1050.96
2002-08-08,1052.89
2002-08-09,1054.84
2002-08-12,1048.7
2002-08-13,1087.88
2002-08-14,1076.45
2002-08-16,1081.23
2002-08-19,1082.93
2002-08-20,1071.11
2002-08-21,1120.16
2002-08-22,1118.75
2002-08-23,1124.7
2002-08-26,1131.99
2002-08-27,1162.14
2002-08-28,1132.1
2002-08-29,1109.49
2002-08-30,1124.03
2002-09-02,1118.59
2002-09-03,1067.49
2002-09-04,1051.79
2002-09-05,1039.21
2002-09-06,1064.16
2002-09-09,1071.8
2002-09-10,1093.51
2002-09-11,1109.72
2002-09-12,1084.7
2002-09-13,1068.34
2002-09-16,1084.99
2002-09-17,1090.26
2002-09-18,1072.98
2002-09-19,1072.94
2002-09-20,1088.19
2002-09-23,1077.79
2002-09-24,1053.43
2002-09-25,1074.25
2002-09-26,1070.6
2002-09-27,1063.69
2002-09-30,1044.89
2002-10-01,1039.2
2002-10-02,1041.53
2002-10-03,1052.97
2002-10-04,1052.4
2002-10-07,1039.89
2002-10-08,1043.06
2002-10-09,1044.24
2002-10-10,1061.08
2002-10-11,1087.55
2002-10-14,1093.53
2002-10-15,1121.46
2002-10-16,1110.68
2002-10-17,1113.17
2002-10-18,1136.27
2002-10-21,1136.1
2002-10-22,1148.61
2002-10-23,1148.39
2002-10-24,1145.87
2002-10-25,1141.8
2002-10-28,1179.88
2002-10-29,1181.99
2002-10-30,1174.73
2002-10-31,1179.39
2002-11-04,1190.31
2002-11-05,1169.32
2002-11-06,1143.06
2002-11-07,1134.97
2002-11-08,1137.94
2002-11-12,1141.94
2002-11-13,1138.4
2002-11-14,1152.16
2002-11-15,1142.02
2002-11-18,1149.72
2002-11-19,1158.21
2002-11-20,1161.81
2002-11-21,1203
2002-11-22,1205.36
2002-11-25,1240.89
2002-11-26,1227.75
2002-11-27,1235.75
2002-11-28,1233.68
2002-11-29,1219
2002-12-02,1256.03
2002-12-03,1255.89
2002-12-04,1231.56
2002-12-05,1239.9
2002-12-06,1219.66
2002-12-09,1216.91
2002-12-10,1193.89
2002-12-11,1182.15
2002-12-12,1196.41
2002-12-13,1195.68
2002-12-16,1200.65
2002-12-17,1197.15
2002-12-18,1160.25
2002-12-19,1156.47
2002-12-20,1153.13
2002-12-23,1168.82
2002-12-27,1178.66
2002-12-30,1177.05
2002-12-31,1175.64
2003-01-02,1176.51
2003-01-03,1218.49
2003-01-06,1222.26
2003-01-07,1224.11
2003-01-08,1207.75
2003-01-09,1208.45
2003-01-10,1211.39
2003-01-13,1242.29
2003-01-14,1234.16
2003-01-15,1233.65
2003-01-16,1210.19
2003-01-17,1192.84
2003-01-20,1189.34
2003-01-21,1173.55
2003-01-22,1158.64
2003-01-23,1172.87
2003-01-24,1140.44
2003-01-27,1117.55
2003-01-28,1121.24
2003-01-29,1125.91
2003-01-30,1111.43
2003-01-31,1115.87
2003-02-03,1138.48
2003-02-04,1113.26
2003-02-05,1111.32
2003-02-06,1090.35
2003-02-07,1099.15
2003-02-10,1109.03
2003-02-11,1114.88
2003-02-12,1101.58
2003-02-13,1110.35
2003-02-14,1109
2003-02-17,1127.45
2003-02-18,1119.04
2003-02-19,1107.5
2003-02-20,1123.02
2003-02-21,1116.44
2003-02-24,1105.48
2003-02-25,1085.71
2003-02-26,1084.59
2003-02-27,1092.56
2003-02-28,1099.69
2003-03-03,1090.71
2003-03-04,1071.41
2003-03-05,1071.04
2003-03-06,1069.72
2003-03-07,1081.77
2003-03-10,1119.82
2003-03-11,1108.56
2003-03-12,1102.23
2003-03-13,1111.05
2003-03-14,1103.9
2003-03-17,1082.43
2003-03-18,1104.4
2003-03-19,1103.59
2003-03-20,1106.03
2003-03-21,1127.98
2003-03-24,1123.56
2003-03-25,1119.18
2003-03-26,1122.38
2003-03-27,1112.85
2003-03-28,1111.96
2003-03-31,1093.5
2003-04-01,1092.19
2003-04-02,1105.42
2003-04-03,1127.7
2003-04-04,1132.71
2003-04-07,1163.26
2003-04-08,1157.06
2003-04-09,1159.44
2003-04-10,1143.73
2003-04-11,1142.48
2003-04-14,1122.6
2003-04-15,1123.77
2003-04-16,1114.63
2003-04-17,1123.12
2003-04-22,1117.37
2003-04-23,1127.07
2003-04-24,1110.28
2003-04-25,1111.07
2003-04-28,1116.61
2003-04-29,1112.91
2003-04-30,1111.45
2003-05-02,1125.1
2003-05-05,1143.37
2003-05-06,1146.46
2003-05-07,1129.07
2003-05-08,1130.56
2003-05-09,1141.73
2003-05-12,1144.4
2003-05-13,1140.44
2003-05-14,1174.53
2003-05-15,1168.14
2003-05-16,1161.85
2003-05-19,1154.79
2003-05-20,1150.64
2003-05-21,1162.3
2003-05-22,1168.03
2003-05-23,1174.13
2003-05-26,1178.76
2003-05-27,1162.53
2003-05-28,1175
2003-05-29,1180.25
2003-05-30,1192.46
2003-06-02,1188.51
2003-06-03,1195.18
2003-06-04,1211.04
2003-06-05,1210.89
2003-06-06,1225.88
2003-06-09,1215.75
2003-06-10,1208.21
2003-06-11,1211.19
2003-06-12,1224.82
2003-06-13,1220.16
2003-06-16,1218.81
2003-06-17,1227.42
2003-06-18,1243.53
2003-06-20,1247.98
2003-06-23,1240.99
2003-06-24,1231.18
2003-06-25,1251.12
2003-06-26,1254.48
2003-06-27,1248.05
2003-06-30,1252.03
2003-07-01,1227.9
2003-07-02,1241.53
2003-07-03,1252.59
2003-07-04,1276.79
2003-07-07,1323.53
2003-07-08,1313.11
2003-07-09,1328.53
2003-07-10,1338.13
2003-07-11,1345.04
2003-07-14,1379.12
2003-07-15,1375.66
2003-07-16,1360.36
2003-07-17,1358.41
2003-07-18,1374.44
2003-07-21,1376.31
2003-07-22,1357.95
2003-07-23,1329.88
2003-07-24,1336.69
2003-07-25,1340.05
2003-07-28,1378.38
2003-07-29,1385.26
2003-07-30,1375.55
2003-07-31,1387.1
2003-08-01,1382.43
2003-08-04,1364.69
2003-08-05,1370.58
2003-08-06,1361.69
2003-08-07,1398.87
2003-08-08,1395.05
2003-08-11,1413.48
2003-08-12,1444.75
2003-08-13,1438.65
2003-08-14,1467.98
2003-08-18,1475.92
2003-08-19,1474.74
2003-08-20,1470.19
2003-08-21,1514.23
2003-08-22,1565.76
2003-08-25,1565.44
2003-08-26,1600.56
2003-08-27,1601.86
2003-08-28,1591.02
2003-08-29,1637.53
2003-09-01,1712.15
2003-09-02,1707.79
2003-09-03,1687.97
2003-09-04,1646.72
2003-09-05,1602.69
2003-09-08,1607.66
2003-09-09,1566.95
2003-09-10,1525.24
2003-09-11,1540.88
2003-09-12,1512.2
2003-09-15,1506.13
2003-09-16,1550.58
2003-09-17,1542.27
2003-09-18,1540.47
2003-09-19,1545.95
2003-09-22,1495.59
2003-09-23,1507.61
2003-09-24,1511.79
2003-09-25,1511.37
2003-09-26,1531.16
2003-09-29,1518.16
2003-09-30,1477.25
2003-10-01,1480.11
2003-10-02,1508.18
2003-10-03,1526.9
2003-10-06,1590.41
2003-10-07,1582.8
2003-10-08,1613.85
2003-10-09,1636.87
2003-10-10,1637.47
2003-10-13,1626.58
2003-10-14,1664.08
2003-10-15,1687.32
2003-10-16,1642.94
2003-10-17,1621.53
2003-10-20,1610.19
2003-10-21,1568.35
2003-10-22,1538.12
2003-10-23,1546.55
2003-10-24,1534.19
2003-10-27,1512.64
2003-10-28,1569.08
2003-10-29,1559.42
2003-10-30,1589.74
2003-10-31,1582.01
2003-11-03,1588.99
2003-11-04,1554.61
2003-11-05,1555.9
2003-11-06,1579.51
2003-11-07,1572.37
2003-11-10,1583.4
2003-11-12,1555.63
2003-11-13,1554.16
2003-11-14,1557.04
2003-11-17,1507.36
2003-11-18,1486.8
2003-11-19,1457.75
2003-11-20,1415.17
2003-11-21,1446.28
2003-11-24,1459.29
2003-11-25,1428.28
2003-11-26,1435.9
2003-11-27,1455.43
2003-11-28,1448.88
2003-12-01,1504.8
2003-12-02,1507.67
2003-12-03,1511.65
2003-12-04,1488.07
2003-12-05,1484.36
2003-12-08,1525.41
2003-12-09,1545.84
2003-12-10,1539.32
2003-12-11,1553.62
2003-12-12,1575.78
2003-12-15,1575.33
2003-12-16,1571.45
2003-12-17,1555.35
2003-12-18,1566.47
2003-12-19,1560.06
2003-12-22,1562.86
2003-12-23,1579.35
2003-12-29,1577.73
2003-12-30,1576.27
2003-12-31,1574.04
2004-01-02,1616.79
2004-01-05,1682.42
2004-01-06,1676.27
2004-01-07,1673.9
2004-01-08,1667.36
2004-01-09,1651.58
2004-01-12,1688.32
2004-01-13,1694.39
2004-01-14,1660.97
2004-01-15,1671.59
2004-01-16,1658.25
2004-01-19,1665.96
2004-01-20,1670.4
2004-01-21,1659.08
2004-01-22,1679.5
2004-01-23,1683.35
2004-01-26,1677.41
2004-01-27,1673.87
2004-01-28,1620
2004-01-29,1611.05
2004-01-30,1631.99
2004-02-02,1653.72
2004-02-03,1636.17
2004-02-04,1639.23
2004-02-05,1639.52
2004-02-06,1654.71
2004-02-09,1705.96
2004-02-10,1734.54
2004-02-11,1725
2004-02-12,1737.36
2004-02-13,1728.89
2004-02-16,1743.14
2004-02-17,1747.3
2004-02-18,1746.54
2004-02-19,1720.47
2004-02-20,1730.58
2004-02-23,1710.39
2004-02-24,1668.21
2004-02-25,1675.26
2004-02-26,1678.99
2004-02-27,1730.1
2004-03-01,1783.13
2004-03-02,1777.87
2004-03-03,1767.81
2004-03-04,1761.09
2004-03-05,1781.03
2004-03-08,1815.32
2004-03-09,1774.04
2004-03-10,1780.28
2004-03-11,1746.08
2004-03-12,1759.52
2004-03-15,1724.45
2004-03-16,1747.21
2004-03-17,1760.42
2004-03-18,1725.35
2004-03-19,1709.17
2004-03-22,1707.16
2004-03-23,1733.02
2004-03-24,1731.9
2004-03-25,1752.37
2004-03-26,1752.05
2004-03-29,1765.16
2004-03-30,1777.91
2004-03-31,1762.37
2004-04-01,1761.47
2004-04-02,1806.18
2004-04-05,1820.78
2004-04-06,1819.36
2004-04-07,1808.4
2004-04-08,1827.35
2004-04-13,1869.68
2004-04-14,1848.37
2004-04-15,1858.75
2004-04-16,1843.07
2004-04-19,1834.05
2004-04-20,1850.59
2004-04-21,1842.09
2004-04-22,1785.76
2004-04-23,1795.53
2004-04-26,1790.97
2004-04-27,1791.31
2004-04-28,1784.74
2004-04-29,1748.64
2004-04-30,1757
2004-05-04,1767.6
2004-05-05,1735.58
2004-05-06,1722.08
2004-05-07,1704.28
2004-05-10,1655.88
2004-05-11,1631.21
2004-05-12,1646.52
2004-05-13,1612.7
2004-05-14,1624.51
2004-05-17,1631.79
2004-05-18,1646.47
2004-05-19,1667.38
2004-05-20,1668.54
2004-05-21,1667.31
2004-05-24,1665.48
2004-05-25,1635.67
2004-05-26,1668.9
2004-05-27,1676.25
2004-05-28,1688.11
2004-05-31,1690.71
2004-06-01,1682.45
2004-06-02,1701.95
2004-06-03,1693.52
2004-06-04,1678.76
2004-06-07,1692.38
2004-06-08,1690.6
2004-06-09,1670.24
2004-06-11,1672.15
2004-06-14,1646.65
2004-06-15,1658.5
2004-06-16,1650.53
2004-06-17,1642.13
2004-06-18,1645.04
2004-06-21,1684.38
2004-06-22,1680.55
2004-06-23,1697.97
2004-06-24,1700.96
2004-06-25,1716.4
2004-06-28,1727.64
2004-06-29,1735.64
2004-06-30,1726.83
2004-07-01,1717.07
2004-07-02,1701.25
2004-07-05,1702.27
2004-07-06,1692.8
2004-07-07,1701.63
2004-07-08,1709.2
2004-07-09,1712.17
2004-07-12,1704.46
2004-07-13,1683.54
2004-07-14,1668.68
2004-07-15,1651.6
2004-07-16,1682.66
2004-07-19,1690.38
2004-07-20,1697.18
2004-07-21,1717.11
2004-07-22,1694.81
2004-07-23,1696.75
2004-07-26,1697.65
2004-07-27,1692.16
2004-07-28,1672.16
2004-07-29,1671.98
2004-07-30,1675.06
2004-08-02,1673.79
2004-08-03,1687.04
2004-08-04,1692.44
2004-08-05,1704.88
2004-08-06,1680.22
2004-08-09,1663.57
2004-08-10,1668.83
2004-08-11,1643.24
2004-08-12,1651.86
2004-08-13,1651.93
2004-08-16,1654.75
2004-08-17,1675.22
2004-08-18,1688.58
2004-08-19,1693.84
2004-08-20,1700.55
2004-08-23,1702.77
2004-08-24,1726.93
2004-08-25,1702.79
2004-08-26,1701.5
2004-08-27,1719.74
2004-08-30,1714.25
2004-08-31,1725.18
2004-09-01,1730.87
2004-09-02,1734.51
2004-09-03,1738.64
2004-09-06,1751.06
2004-09-07,1776.75
2004-09-08,1781.75
2004-09-09,1773.26
2004-09-10,1785.15
2004-09-13,1797.2
2004-09-14,1800.28
2004-09-15,1811.11
2004-09-16,1807.79
2004-09-17,1819.7
2004-09-20,1812.95
2004-09-21,1812.81
2004-09-22,1808.69
2004-09-23,1798.96
2004-09-24,1781.82
2004-09-27,1789.48
2004-09-28,1800.15
2004-09-29,1802.99
2004-09-30,1807.15
2004-10-01,1807.47
2004-10-04,1841.66
2004-10-05,1848.27
2004-10-06,1853.54
2004-10-07,1852.6
2004-10-08,1824.11
2004-10-11,1829.48
2004-10-12,1779.75
2004-10-13,1780.95
2004-10-14,1760.22
2004-10-15,1773.52
2004-10-18,1761.58
2004-10-19,1801
2004-10-20,1793.13
2004-10-21,1796.32
2004-10-22,1801.43
2004-10-25,1778.43
2004-10-26,1785.35
2004-10-27,1792.27
2004-10-28,1786.56
2004-10-29,1819.31
2004-11-02,1848.1
2004-11-03,1830.48
2004-11-04,1824.85
2004-11-05,1810.68
2004-11-08,1795.69
2004-11-09,1833.88
2004-11-10,1833.29
2004-11-12,1844.33
2004-11-15,1819.93
2004-11-16,1812.92
2004-11-17,1823.77
2004-11-18,1829.08
2004-11-19,1828.93
2004-11-22,1812.33
2004-11-23,1796.53
2004-11-24,1797.45
2004-11-25,1822.99
2004-11-26,1832.16
2004-11-29,1831.11
2004-11-30,1840.74
2004-12-01,1860.88
2004-12-02,1907.51
2004-12-03,1900.1
2004-12-06,1891.56
2004-12-07,1904.46
2004-12-08,1887.68
2004-12-09,1871.35
2004-12-10,1864.1
2004-12-13,1872.63
2004-12-14,1871.74
2004-12-15,1889.08
2004-12-16,1922.19
2004-12-17,1924.16
2004-12-20,1951.08
2004-12-21,1944.02
2004-12-22,1928.87
2004-12-23,1909.04
2004-12-24,1918.52
2004-12-27,1922.01
2004-12-28,1912.02
2004-12-29,1947.8
2004-12-30,1956.88
2004-12-31,1960.57
2005-01-03,1966.69
2005-01-04,1954.8
2005-01-05,1910.33
2005-01-06,1897.29
2005-01-07,1903.83
2005-01-10,1889.81
2005-01-11,1877.82
2005-01-12,1885.8
2005-01-13,1890.18
2005-01-14,1890.03
2005-01-17,1893.39
2005-01-18,1844.02
2005-01-19,1845.48
2005-01-20,1840.71
2005-01-21,1832.12
2005-01-24,1832.79
2005-01-25,1851.06
2005-01-26,1861.93
2005-01-27,1863.92
2005-01-28,1872.2
2005-01-31,1887.41
2005-02-01,1916.14
2005-02-02,1903.36
2005-02-03,1910.72
2005-02-04,1935.65
2005-02-07,1966.72
2005-02-08,1963.48
2005-02-09,1951.05
2005-02-10,1967.09
2005-02-11,1964.42
2005-02-14,1960.81
2005-02-15,1973.93
2005-02-16,2021.15
2005-02-17,2045.06
2005-02-18,2045.66
2005-02-21,2076.89
2005-02-22,2062.32
2005-02-23,2054.25
2005-02-24,2075.98
2005-02-25,2118.49
2005-02-28,2092.33
2005-03-01,2088.8
2005-03-02,2015.14
2005-03-03,2028.54
2005-03-04,2052.94
2005-03-07,2063.67
2005-03-08,2053.34
2005-03-09,2092.51
2005-03-10,2065.11
2005-03-11,2033.63
2005-03-14,2011.62
2005-03-15,2013.09
2005-03-16,1963.92
2005-03-17,1951.88
2005-03-18,1970.17
2005-03-21,1932.68
2005-03-22,1970.01
2005-03-23,1964.36
2005-03-24,1968.88
2005-03-29,1969.73
2005-03-30,1979.56
2005-03-31,1998.33
2005-04-01,1988.63
2005-04-04,1985.4
2005-04-05,1998.97
2005-04-06,2015.92
2005-04-07,1991.34
2005-04-11,1994.95
2005-04-12,1992.16
2005-04-13,1985.67
2005-04-14,1965.18
2005-04-15,1952.43
2005-04-18,1909.01
2005-04-19,1909.59
2005-04-20,1890.24
2005-04-21,1918.36
2005-04-22,1931.42
2005-04-25,1932.33
2005-04-26,1911.65
2005-04-27,1876.53
2005-04-28,1855.22
2005-04-29,1858.99
2005-05-02,1861.36
2005-05-04,1862.15
2005-05-05,1873.27
2005-05-06,1874.04
2005-05-09,1868.84
2005-05-10,1837.1
2005-05-11,1836.7
2005-05-12,1846.48
2005-05-13,1828.23
2005-05-16,1824.99
2005-05-17,1830.63
2005-05-18,1868
2005-05-19,1876.38
2005-05-20,1884.68
2005-05-23,1883.63
2005-05-24,1873.87
2005-05-25,1876.47
2005-05-27,1915.07
2005-05-30,1918.47
2005-05-31,1917.09
2005-06-01,1894.83
2005-06-02,1921.63
2005-06-03,1940.17
2005-06-06,1969.51
2005-06-07,1979.9
2005-06-08,1972.93
2005-06-09,1983.21
2005-06-10,1989.72
2005-06-13,2002.78
2005-06-14,1980.95
2005-06-15,2011.39
2005-06-16,2010.4
2005-06-17,2029.99
2005-06-20,2031.84
2005-06-21,2034.51
2005-06-22,2065.87
2005-06-23,2056.27
2005-06-24,2031.67
2005-06-27,2016.6
2005-06-28,2029.62
2005-06-29,2025.37
2005-06-30,2047.3
2005-07-01,2068.7
2005-07-04,2088.81
2005-07-05,2075.62
2005-07-06,2078.51
2005-07-07,2049.76
2005-07-08,2077.18
2005-07-11,2075.51
2005-07-12,2106.26
2005-07-13,2127.1
2005-07-14,2131.3
2005-07-15,2124.25
2005-07-18,2107.65
2005-07-19,2119.35
2005-07-20,2138.96
2005-07-21,2126.91
2005-07-22,2111.05
2005-07-25,2129.64
2005-07-26,2144.09
2005-07-27,2164.65
2005-07-28,2183.75
2005-07-29,2202.53
2005-08-01,2223.3
2005-08-02,2269.59
2005-08-03,2234.64
2005-08-04,2238.88
2005-08-05,2238.65
2005-08-08,2276.24
2005-08-09,2272.85
2005-08-10,2248.62
2005-08-11,2243.57
2005-08-12,2227.47
2005-08-16,2252.76
2005-08-17,2228.99
2005-08-18,2198.55
2005-08-19,2198.05
2005-08-22,2210.78
2005-08-23,2212.11
2005-08-24,2210.69
2005-08-25,2205.29
2005-08-26,2230.46
2005-08-29,2245.3
2005-08-30,2268.87
2005-08-31,2271.85
2005-09-01,2321.28
2005-09-02,2328.01
2005-09-05,2307.38
2005-09-06,2324.82
2005-09-07,2325.92
2005-09-08,2311
2005-09-09,2345.36
2005-09-12,2379.55
2005-09-13,2376.95
2005-09-14,2384.84
2005-09-15,2423.38
2005-09-16,2453.63
2005-09-19,2507.41
2005-09-20,2497.64
2005-09-21,2476.24
2005-09-22,2473.77
2005-09-23,2456.56
2005-09-26,2486.45
2005-09-27,2514.84
2005-09-28,2482.69
2005-09-29,2484.42
2005-09-30,2518.73
2005-10-03,2564.88
2005-10-04,2554.79
2005-10-05,2508.9
2005-10-06,2418.65
2005-10-07,2421.12
2005-10-10,2419.7
2005-10-11,2460.08
2005-10-12,2432.18
2005-10-13,2336.38
2005-10-14,2318.77
2005-10-17,2338.46
2005-10-18,2346.82
2005-10-19,2293.23
2005-10-20,2334.17
2005-10-21,2323.23
2005-10-24,2339.41
2005-10-25,2360.77
2005-10-26,2340.24
2005-10-27,2302.53
2005-10-28,2316.55
2005-10-31,2339.28
2005-11-02,2415.79
2005-11-03,2452.65
2005-11-04,2468.59
2005-11-07,2459.42
2005-11-08,2443.07
2005-11-09,2447.31
2005-11-10,2440.67
2005-11-14,2451.93
2005-11-15,2444.58
2005-11-16,2446.7
2005-11-17,2501.28
2005-11-18,2500.37
2005-11-21,2471.61
2005-11-22,2452.2
2005-11-23,2466.47
2005-11-24,2467.49
2005-11-25,2479.97
2005-11-28,2504.79
2005-11-29,2511.87
2005-11-30,2525.39
2005-12-01,2539.8
2005-12-02,2581.72
2005-12-05,2570.98
2005-12-06,2546.78
2005-12-07,2569.45
2005-12-08,2564.56
2005-12-09,2558.19
2005-12-12,2572.49
2005-12-13,2566.23
2005-12-14,2601.96
2005-12-15,2583.71
2005-12-16,2596.16
2005-12-19,2604.88
2005-12-20,2642.61
2005-12-21,2648.08
2005-12-22,2641.33
2005-12-23,2662.32
2005-12-27,2699.07
2005-12-28,2683.29
2005-12-29,2693.75
2005-12-30,2654.95
2006-01-02,2694.92
2006-01-03,2749.46
2006-01-04,2829.38
2006-01-05,2825.71
2006-01-06,2854.25
2006-01-09,2835.53
2006-01-10,2797.09
2006-01-11,2850.35
2006-01-12,2833.16
2006-01-13,2785.54
2006-01-16,2835.21
2006-01-17,2831.09
2006-01-18,2808.8
2006-01-19,2886.48
2006-01-20,2909.77
2006-01-23,2903.69
2006-01-24,2907.05
2006-01-25,2953.72
2006-01-26,2923.61
2006-01-27,2937.66
2006-01-30,2937.92
2006-01-31,2804.92
2006-02-01,2823.09
2006-02-02,2819.26
2006-02-03,2760.65
2006-02-06,2837.48
2006-02-07,2852.57
2006-02-08,2828.54
2006-02-09,2840.24
2006-02-10,2791.75
2006-02-13,2768.02
2006-02-14,2790.37
2006-02-15,2813.91
2006-02-16,2762.93
2006-02-17,2859.61
2006-02-20,2906.41
2006-02-21,2897.71
2006-02-22,2896.04
2006-02-23,2899.8
2006-02-24,2941.38
2006-02-27,2955.74
2006-02-28,2836.51
2006-03-01,2876.12
2006-03-02,2904.62
2006-03-03,2886.51
2006-03-06,2908.82
2006-03-07,2842.63
2006-03-08,2769.73
2006-03-09,2776.08
2006-03-10,2757.95
2006-03-13,2759.41
2006-03-14,2727.77
2006-03-15,2773.21
2006-03-16,2833.52
2006-03-17,2831.34
2006-03-20,2826.05
2006-03-21,2806.52
2006-03-22,2791.97
2006-03-23,2836.91
2006-03-24,2847.82
2006-03-27,2874.58
2006-03-28,2830.39
2006-03-29,2827.22
2006-03-30,2864.53
2006-03-31,2864.83
2006-04-03,2912.05
2006-04-04,2918.07
2006-04-05,2899.24
2006-04-06,2921.21
2006-04-07,2974.21
2006-04-10,2987.89
2006-04-11,2970.61
2006-04-12,2998.18
2006-04-13,3023.69
2006-04-18,3081.25
2006-04-19,3070.81
2006-04-20,3149.33
2006-04-21,3185.67
2006-04-24,3229.22
2006-04-25,3220.83
2006-04-26,3262.83
2006-04-27,3167.13
2006-04-28,3193.27
2006-05-02,3186.5
2006-05-04,3254.1
2006-05-05,3282.02
2006-05-08,3327.19
2006-05-09,3265.93
2006-05-10,3252.48
2006-05-11,3347.83
2006-05-12,3298.03
2006-05-15,3180.28
2006-05-16,3163.02
2006-05-17,3065.42
2006-05-18,3052.59
2006-05-19,3031.52
2006-05-22,2862.68
2006-05-23,2913.11
2006-05-24,2794.06
2006-05-25,2843.49
2006-05-26,2880.16
2006-05-29,2867.85
2006-05-30,2827.39
2006-05-31,2812.26
2006-06-01,2837.98
2006-06-02,2912.81
2006-06-05,2933.68
2006-06-06,2855.91
2006-06-07,2849.59
2006-06-08,2777.33
2006-06-09,2736.85
2006-06-12,2641.02
2006-06-13,2545.87
2006-06-14,2536.93
2006-06-16,2553.32
2006-06-19,2622.4
2006-06-20,2619.38
2006-06-21,2632.24
2006-06-22,2606.03
2006-06-23,2619.05
2006-06-26,2665.2
2006-06-27,2795
2006-06-28,2850.48
2006-06-29,2842.29
2006-06-30,2889.67
2006-07-03,2895.66
2006-07-04,2910.84
2006-07-05,2845.06
2006-07-06,2935.92
2006-07-07,3004.64
2006-07-10,3046.17
2006-07-11,3015.5
2006-07-12,3066.26
2006-07-13,2930.5
2006-07-14,2919.45
2006-07-17,2866.86
2006-07-18,2917.75
2006-07-19,2934.78
2006-07-20,3045.11
2006-07-21,3024.01
2006-07-24,3035.74
2006-07-25,3059.43
2006-07-26,3075.32
2006-07-27,3186.32
2006-07-28,3191.3
2006-07-31,3191.25
2006-08-01,3126.34
2006-08-02,3097.77
2006-08-03,2995.47
2006-08-04,3036.78
2006-08-07,3005.78
2006-08-08,2998.53
2006-08-09,3070.78
2006-08-10,3004.83
2006-08-11,2917.38
2006-08-14,2937.03
2006-08-16,2979.21
2006-08-17,2947.12
2006-08-18,2962.37
2006-08-21,2965.56
2006-08-22,2989.22
2006-08-23,2988.14
2006-08-24,2934.91
2006-08-25,2905.33
2006-08-28,2891.17
2006-08-29,2963.76
2006-08-30,3001.61
2006-08-31,2961.4
2006-09-01,2970.9
2006-09-04,3087.07
2006-09-05,3103.45
2006-09-06,3066.87
2006-09-07,3024.19
2006-09-08,2996.65
2006-09-11,2967.2
2006-09-12,3014.62
2006-09-13,3044.06
2006-09-14,3009.67
2006-09-15,3003.11
2006-09-18,3035.94
2006-09-19,3009.51
2006-09-20,2962.07
2006-09-21,2942.47
2006-09-22,2914.2
2006-09-25,2939.04
2006-09-26,2946.06
2006-09-27,2923.72
2006-09-28,2949.13
2006-09-29,2918.83
2006-10-02,2931.5
2006-10-03,2916.21
2006-10-04,2937.03
2006-10-05,2995.62
2006-10-06,2990.8
2006-10-09,3029.53
2006-10-10,3090.86
2006-10-11,3103.11
2006-10-12,3153.17
2006-10-13,3180.72
2006-10-16,3184.38
2006-10-17,3128.55
2006-10-18,3200.47
2006-10-19,3210.35
2006-10-20,3173.35
2006-10-23,3156.94
2006-10-24,3153.89
2006-10-25,3170.73
2006-10-26,3196.34
2006-10-27,3146.13
2006-10-30,3098.16
2006-10-31,3106.86
2006-11-02,3092.55
2006-11-03,3123.61
2006-11-06,3193.3
2006-11-07,3251.01
2006-11-08,3236.14
2006-11-09,3240.16
2006-11-10,3189.99
2006-11-13,3190.07
2006-11-14,3186.54
2006-11-15,3120.03
2006-11-16,3148.31
2006-11-17,3125.06
2006-11-20,3125.07
2006-11-21,3159.51
2006-11-22,3217.91
2006-11-23,3209.66
2006-11-24,3194.58
2006-11-27,3179.16
2006-11-28,3168.98
2006-11-29,3241.83
2006-11-30,3217.41
2006-12-01,3232.61
2006-12-04,3324.23
2006-12-05,3395.46
2006-12-06,3374.65
2006-12-07,3406.94
2006-12-08,3392.1
2006-12-11,3389.16
2006-12-12,3366.03
2006-12-13,3372.85
2006-12-14,3397.3
2006-12-15,3410.06
2006-12-18,3429.79
2006-12-19,3322.19
2006-12-20,3302.72
2006-12-21,3308.32
2006-12-22,3253.74
2006-12-27,3323.78
2006-12-28,3306.14
2006-12-29,3285.49
2007-01-02,3347.75
2007-01-03,3342.86
2007-01-04,3276.78
2007-01-05,3202.15
2007-01-08,3197.61
2007-01-09,3198.45
2007-01-10,3148.68
2007-01-11,3240.3
2007-01-12,3262.98
2007-01-15,3336.54
2007-01-16,3331.36
2007-01-17,3322.61
2007-01-18,3437.89
2007-01-19,3457.94
2007-01-22,3416.03
2007-01-23,3431.88
2007-01-24,3425.08
2007-01-25,3398.87
2007-01-26,3405.02
2007-01-29,3424.28
2007-01-30,3424.3
2007-01-31,3483.04
2007-02-01,3549.33
2007-02-02,3523.46
2007-02-05,3527.44
2007-02-06,3510.98
2007-02-07,3510.6
2007-02-08,3406.72
2007-02-09,3417.38
2007-02-12,3344.45
2007-02-13,3412.49
2007-02-14,3418.82
2007-02-15,3393.12
2007-02-16,3374.21
2007-02-19,3431.36
2007-02-20,3392.68
2007-02-21,3434.33
2007-02-22,3509.03
2007-02-23,3508.99
2007-02-26,3481.02
2007-02-27,3325.47
2007-02-28,3241.99
2007-03-01,3213.71
2007-03-02,3242.12
2007-03-05,3179.47
2007-03-06,3203.36
2007-03-07,3173.93
2007-03-08,3288.98
2007-03-09,3269.84
2007-03-12,3274.16
2007-03-13,3249.64
2007-03-14,3277.56
2007-03-15,3288.16
2007-03-16,3314.67
2007-03-19,3376.78
2007-03-20,3361.83
2007-03-21,3402.15
2007-03-22,3470.55
2007-03-23,3511.82
2007-03-26,3464.33
2007-03-27,3479.9
2007-03-28,3441.93
2007-03-29,3511.06
2007-03-30,3520.24
2007-04-02,3466.04
2007-04-03,3521.29
2007-04-04,3531.5
2007-04-05,3545.53
2007-04-10,3585.63
2007-04-11,3606.9
2007-04-12,3570.08
2007-04-13,3589.64
2007-04-16,3638.47
2007-04-17,3619.88
2007-04-18,3624.63
2007-04-19,3586.65
2007-04-20,3649.33
2007-04-23,3638.64
2007-04-24,3594.36
2007-04-25,3576.69
2007-04-26,3568.29
2007-04-27,3570.06
2007-04-30,3590.3
2007-05-02,3611.55
2007-05-04,3697.38
2007-05-07,3679.78
2007-05-08,3600.73
2007-05-09,3608.79
2007-05-10,3558.39
2007-05-11,3568.93
2007-05-14,3586.24
2007-05-15,3535.99
2007-05-16,3509.86
2007-05-17,3479.08
2007-05-18,3515.77
2007-05-21,3567.18
2007-05-22,3632.27
2007-05-23,3567.31
2007-05-24,3580.09
2007-05-25,3554.52
2007-05-28,3594.74
2007-05-29,3609.24
2007-05-30,3580.94
2007-05-31,3649.1
2007-06-01,3738.09
2007-06-04,3747
2007-06-05,3755.45
2007-06-06,3669.05
2007-06-08,3646.18
2007-06-11,3681.25
2007-06-12,3637.82
2007-06-13,3689.02
2007-06-14,3744.58
2007-06-15,3815.42
2007-06-18,3796.05
2007-06-19,3788.28
2007-06-20,3729.39
2007-06-21,3687.15
2007-06-22,3740.38
2007-06-25,3738.37
2007-06-26,3795.99
2007-06-27,3720.34
2007-06-28,3789.25
2007-06-29,3759.28
2007-07-02,3750.42
2007-07-03,3821.94
2007-07-04,3844.32
2007-07-05,3833.87
2007-07-06,3899.59
2007-07-09,3880.98
2007-07-10,3812.17
2007-07-11,3824.23
2007-07-12,3829.7
2007-07-13,3846.05
2007-07-16,3827.73
2007-07-17,3811.03
2007-07-18,3793.68
2007-07-19,3861.02
2007-07-20,3825.11
2007-07-23,3890.49
2007-07-24,3845.1
2007-07-25,3832.95
2007-07-26,3725.21
2007-07-27,3697.31
2007-07-30,3685.1
2007-07-31,3735.25
2007-08-01,3670.79
2007-08-02,3676.18
2007-08-03,3624.31
2007-08-06,3585.97
2007-08-07,3627.49
2007-08-08,3625.7
2007-08-09,3564.98
2007-08-10,3460.86
2007-08-13,3557.95
2007-08-14,3518.36
2007-08-16,3329.88
2007-08-17,3383.11
2007-08-20,3392.2
2007-08-21,3362.35
2007-08-22,3515.6
2007-08-23,3538.58
2007-08-24,3601.93
2007-08-27,3567.07
2007-08-28,3513.52
2007-08-29,3572.33
2007-08-30,3497.06
2007-08-31,3601.55
2007-09-03,3613.4
2007-09-04,3642.18
2007-09-05,3568.06
2007-09-06,3538.27
2007-09-07,3505.61
2007-09-10,3442.26
2007-09-11,3470.49
2007-09-12,3568.68
2007-09-13,3635.18
2007-09-14,3612.81
2007-09-17,3615.28
2007-09-18,3658.48
2007-09-19,3801.92
2007-09-20,3803.82
2007-09-21,3775.24
2007-09-24,3712.59
2007-09-25,3683.68
2007-09-26,3695.82
2007-09-27,3675.83
2007-09-28,3633.64
2007-10-01,3656.88
2007-10-02,3742.18
2007-10-03,3714.93
2007-10-04,3713.85
2007-10-05,3738.5
2007-10-08,3745.4
2007-10-09,3856.61
2007-10-10,3832.3
2007-10-11,3910
2007-10-12,3879.19
2007-10-15,3904.95
2007-10-16,3831.55
2007-10-17,3852.24
2007-10-18,3777.59
2007-10-19,3813.76
2007-10-22,3798.43
2007-10-23,3897.75
2007-10-24,3869.2
2007-10-25,3891.31
2007-10-26,3885.61
2007-10-29,3917.87
2007-10-30,3890.88
2007-10-31,3877.62
2007-11-02,3812.55
2007-11-05,3796.19
2007-11-06,3796.64
2007-11-07,3727.59
2007-11-08,3677.39
2007-11-09,3606.62
2007-11-12,3543.76
2007-11-13,3616.05
2007-11-14,3558.57
2007-11-15,3496.34
2007-11-16,3494.3
2007-11-19,3513.65
2007-11-20,3556.89
2007-11-21,3525.75
2007-11-22,3553.76
2007-11-23,3562.22
2007-11-26,3505.48
2007-11-27,3448.47
2007-11-28,3529.26
2007-11-29,3536.75
2007-11-30,3545.73
2007-12-03,3516.03
2007-12-04,3530.44
2007-12-05,3663.65
2007-12-06,3661.71
2007-12-07,3688.52
2007-12-10,3708.58
2007-12-11,3686.01
2007-12-12,3715.91
2007-12-13,3646.84
2007-12-14,3560.87
2007-12-17,3454.4
2007-12-18,3424.54
2007-12-19,3421.05
2007-12-20,3446.46
2007-12-21,3482.63
2007-12-27,3529.9
2007-12-28,3456.05
2008-01-02,3421.25
2008-01-03,3431.72
2008-01-04,3397.29
2008-01-07,3345.06
2008-01-08,3376.54
2008-01-09,3313.38
2008-01-10,3256.55
2008-01-11,3210.63
2008-01-14,3183.03
2008-01-15,3045.05
2008-01-16,2935.09
2008-01-17,2960.23
2008-01-18,3000.56
2008-01-21,2798.62
2008-01-22,2849.11
2008-01-23,2853.44
2008-01-24,2959.99
2008-01-25,2965.95
2008-01-28,2897.2
2008-01-29,2984.97
2008-01-30,3014.78
2008-01-31,2952.09
2008-02-01,3045.06
2008-02-04,3071.31
2008-02-05,2950.64
2008-02-06,2956.28
2008-02-07,2908.02
2008-02-08,2927.71
2008-02-11,2953.5
2008-02-12,3066.94
2008-02-13,3084.34
2008-02-14,3108.15
2008-02-15,3045.11
2008-02-18,3126.8
2008-02-19,3122.41
2008-02-20,3105.35
2008-02-21,3091.48
2008-02-22,3060.98
2008-02-25,3068.59
2008-02-26,3027.87
2008-02-27,3023.03
2008-02-28,2997.17
2008-02-29,2927.9
2008-03-03,2887.37
2008-03-04,2824.46
2008-03-05,2907.66
2008-03-06,2865.39
2008-03-07,2822.85
2008-03-10,2873.23
2008-03-11,2949.43
2008-03-12,2962.39
2008-03-13,2868.92
2008-03-14,2842.56
2008-03-17,2741.73
2008-03-18,2872.75
2008-03-19,2892.62
2008-03-20,2821.3
2008-03-25,2936.31
2008-03-26,2942.84
2008-03-27,2986.55
2008-03-28,2977.82
2008-03-31,2981.07
2008-04-01,3028.85
2008-04-02,3013.53
2008-04-03,2985.91
2008-04-04,3025.98
2008-04-07,3050.49
2008-04-08,3001.62
2008-04-09,3023.92
2008-04-10,2988.72
2008-04-11,2892.63
2008-04-14,2873.15
2008-04-15,2912.18
2008-04-16,2928.69
2008-04-17,2922.7
2008-04-18,2971.63
2008-04-21,2940.33
2008-04-22,2902.05
2008-04-23,2837.53
2008-04-24,2885.22
2008-04-25,2897.2
2008-04-28,2938.65
2008-04-29,2884.58
2008-04-30,2922.59
2008-05-05,2979.09
2008-05-06,2984.34
2008-05-07,3043.52
2008-05-08,3006.15
2008-05-09,2998.59
2008-05-12,3032.95
2008-05-13,3024.03
2008-05-14,3056.51
2008-05-15,3016.91
2008-05-16,3032.89
2008-05-19,2995.52
2008-05-20,2944.56
2008-05-21,2947.47
2008-05-23,2908.59
2008-05-26,2915.88
2008-05-27,2909.46
2008-05-28,2933.31
2008-05-29,2906.13
2008-05-30,2905.28
2008-06-02,2892.23
2008-06-03,2921.5
2008-06-04,2862.27
2008-06-05,2888.99
2008-06-06,2864.57
2008-06-09,2812.83
2008-06-10,2733.42
2008-06-11,2672.65
2008-06-12,2718.08
2008-06-13,2729.32
2008-06-16,2697.54
2008-06-17,2716.08
2008-06-18,2674.97
2008-06-19,2713.72
2008-06-20,2686.78
2008-06-23,2633.97
2008-06-24,2637.24
2008-06-25,2646.18
2008-06-26,2662.89
2008-06-27,2598.81
2008-06-30,2591.09
2008-07-01,2558.49
2008-07-02,2561.89
2008-07-03,2553.34
2008-07-04,2523.37
2008-07-07,2534.04
2008-07-08,2549.94
2008-07-09,2588.55
2008-07-10,2557.66
2008-07-11,2517.32
2008-07-14,2520.69
2008-07-15,2445.11
2008-07-16,2412.28
2008-07-17,2499.53
2008-07-18,2508.53
2008-07-21,2577.77
2008-07-22,2577.06
2008-07-23,2627.98
2008-07-24,2603.9
2008-07-25,2631.8
2008-07-28,2646.91
2008-07-29,2648.08
2008-07-30,2754.39
2008-07-31,2752.49
2008-08-01,2716.64
2008-08-04,2684.34
2008-08-05,2730.01
2008-08-06,2669.55
2008-08-07,2632.66
2008-08-08,2608.95
2008-08-11,2631.23
2008-08-12,2675.61
2008-08-13,2631.5
2008-08-14,2620.53
2008-08-18,2614.46
2008-08-19,2546.49
2008-08-20,2554.12
2008-08-21,2554.74
2008-08-22,2592.57
2008-08-25,2579.74
2008-08-26,2544.32
2008-08-27,2513.16
2008-08-28,2576.37
2008-08-29,2597.02
2008-09-01,2584.29
2008-09-02,2647.78
2008-09-03,2614.39
2008-09-04,2611.37
2008-09-05,2503.38
2008-09-08,2561.3
2008-09-09,2529.2
2008-09-10,2484.9
2008-09-11,2446.38
2008-09-12,2457.33
2008-09-15,2363.69
2008-09-16,2279.17
2008-09-17,2278.45
2008-09-18,2303.59
2008-09-19,2433.87
2008-09-22,2431.46
2008-09-23,2362.59
2008-09-24,2369.81
2008-09-25,2447.02
2008-09-26,2457.75
2008-09-29,2334.21
2008-09-30,2384.22
2008-10-01,2413.85
2008-10-02,2369.02
2008-10-03,2352.16
2008-10-06,2218.29
2008-10-07,2186.9
2008-10-08,2158.65
2008-10-09,2167.07
2008-10-10,1991.62
2008-10-13,2015.39
2008-10-14,2098.3
2008-10-15,1966.42
2008-10-16,1899.68
2008-10-17,1779.09
2008-10-20,1778.83
2008-10-21,1822.09
2008-10-22,1683.66
2008-10-23,1617.31
2008-10-24,1555.68
2008-10-27,1570.11
2008-10-28,1625.26
2008-10-29,1750.86
2008-10-30,1796.05
2008-10-31,1825.84
2008-11-03,1818.45
2008-11-04,1903.39
2008-11-05,1858.1
2008-11-06,1777.11
2008-11-07,1819.26
2008-11-10,1848.58
2008-11-12,1757.49
2008-11-13,1682.03
2008-11-14,1707.41
2008-11-17,1674.16
2008-11-18,1609.55
2008-11-19,1642.17
2008-11-20,1547.15
2008-11-21,1586.64
2008-11-24,1721.45
2008-11-25,1745.92
2008-11-26,1749.67
2008-11-27,1771.98
2008-11-28,1742.08
2008-12-01,1706.22
2008-12-02,1737.55
2008-12-03,1700.15
2008-12-04,1764.51
2008-12-05,1732.74
2008-12-08,1814.51
2008-12-09,1849.84
2008-12-10,1838.07
2008-12-11,1827.55
2008-12-12,1762.09
2008-12-15,1802.54
2008-12-16,1849.89
2008-12-17,1776.99
2008-12-18,1790.49
2008-12-19,1777.9
2008-12-22,1744.65
2008-12-23,1747.82
2008-12-29,1775.32
2008-12-30,1805.81
2008-12-31,1789.73
2009-01-05,1877.44
2009-01-06,1920.44
2009-01-07,1887.85
2009-01-08,1863.25
2009-01-09,1817.37
2009-01-12,1791.71
2009-01-13,1766.12
2009-01-14,1701.23
2009-01-15,1684.35
2009-01-16,1705.23
2009-01-19,1644.72
2009-01-20,1642.78
2009-01-21,1678.77
2009-01-22,1619.92
2009-01-23,1611.48
2009-01-26,1664.39
2009-01-27,1608.43
2009-01-28,1627.89
2009-01-29,1611.22
2009-01-30,1594.92
2009-02-02,1532.55
2009-02-03,1459.34
2009-02-04,1479.86
2009-02-05,1487.29
2009-02-06,1531.73
2009-02-09,1578.37
2009-02-10,1584.14
2009-02-11,1543.58
2009-02-12,1494.41
2009-02-13,1492.21
2009-02-16,1435.65
2009-02-17,1327.64
2009-02-18,1337.78
2009-02-19,1405.94
2009-02-20,1383.1
2009-02-23,1365.16
2009-02-24,1361.08
2009-02-25,1345.15
2009-02-26,1392.76
2009-02-27,1372.47
2009-03-02,1380.24
2009-03-03,1401.92
2009-03-04,1461.22
2009-03-05,1444.88
2009-03-06,1476.46
2009-03-09,1455.67
2009-03-10,1481.42
2009-03-11,1500.95
2009-03-12,1494.19
2009-03-13,1488.8
2009-03-16,1513.7
2009-03-17,1481.61
2009-03-18,1452.81
2009-03-19,1487.71
2009-03-20,1506.5
2009-03-23,1550.43
2009-03-24,1552.71
2009-03-25,1633.3
2009-03-26,1623.91
2009-03-27,1574.81
2009-03-30,1517.45
2009-03-31,1511.85
2009-04-01,1523.8
2009-04-02,1629.76
2009-04-03,1668.1
2009-04-06,1684.3
2009-04-07,1653.63
2009-04-08,1740.83
2009-04-09,1784.94
2009-04-14,1770.4
2009-04-15,1784.55
2009-04-16,1763.4
2009-04-17,1698.31
2009-04-20,1657.28
2009-04-21,1660.91
2009-04-22,1695.32
2009-04-23,1712.65
2009-04-24,1767.44
2009-04-27,1739.79
2009-04-28,1686.54
2009-04-29,1749.82
2009-04-30,1798.51
2009-05-04,1874.53
2009-05-05,1858.27
2009-05-06,1854.31
2009-05-07,1841.33
2009-05-08,1847.06
2009-05-11,1824.55
2009-05-12,1865.18
2009-05-13,1814.78
2009-05-14,1807.35
2009-05-15,1810.08
2009-05-18,1846.99
2009-05-19,1883.03
2009-05-20,1879.35
2009-05-21,1830.43
2009-05-22,1814.62
2009-05-25,1801.03
2009-05-26,1808.68
2009-05-27,1845.56
2009-05-28,1814.29
2009-05-29,1802.37
2009-06-01,1916.76
2009-06-02,1968.71
2009-06-03,1937.89
2009-06-04,1969
2009-06-05,1962.39
2009-06-08,1920.28
2009-06-09,1959.86
2009-06-10,2002.85
2009-06-12,2041.32
2009-06-15,2005.54
2009-06-16,1978.51
2009-06-17,1926.12
2009-06-18,1927.35
2009-06-19,1965.17
2009-06-22,1843.2
2009-06-23,1837.63
2009-06-24,1864.43
2009-06-25,1852.87
2009-06-26,1858.24
2009-06-29,1878
2009-06-30,1862.36
2009-07-01,1883.16
2009-07-02,1841.04
2009-07-03,1828.27
2009-07-06,1810.97
2009-07-07,1810.38
2009-07-08,1807.39
2009-07-09,1819.56
2009-07-10,1790.44
2009-07-13,1813.14
2009-07-14,1867.3
2009-07-15,1912.64
2009-07-16,1913.86
2009-07-17,1897.32
2009-07-20,1998.39
2009-07-21,2032.31
2009-07-22,1994.91
2009-07-23,2052.22
2009-07-24,2083.95
2009-07-27,2075.32
2009-07-28,2033.95
2009-07-29,2040.56
2009-07-30,2140.12
2009-07-31,2137.56
2009-08-03,2158.54
2009-08-04,2132.27
2009-08-05,2061.92
2009-08-06,2075.51
2009-08-07,2116.05
2009-08-10,2133.03
2009-08-11,2077.36
2009-08-12,2069.27
2009-08-13,2119.79
2009-08-14,2097.16
2009-08-17,2030.7
2009-08-18,2054.26
2009-08-19,2081.54
2009-08-20,2146.84
2009-08-21,2234.63
2009-08-24,2289.44
2009-08-25,2317.07
2009-08-26,2249.51
2009-08-27,2214.78
2009-08-28,2235.91
2009-08-31,2212.72
2009-09-01,2199.6
2009-09-02,2114.17
2009-09-03,2121.32
2009-09-04,2117.09
2009-09-07,2197.01
2009-09-08,2196.93
2009-09-09,2219.81
2009-09-10,2185.22
2009-09-11,2148.76
2009-09-14,2102.53
2009-09-15,2099.17
2009-09-16,2145.75
2009-09-17,2164.82
2009-09-18,2147.28
2009-09-21,2137.8
2009-09-22,2246.97
2009-09-23,2270.89
2009-09-24,2256.39
2009-09-25,2245.27
2009-09-28,2260.61
2009-09-29,2202.16
2009-09-30,2192.37
2009-10-01,2255.68
2009-10-02,2144.13
2009-10-05,2150.59
2009-10-06,2222.27
2009-10-07,2183.16
2009-10-08,2205.42
2009-10-09,2211.26
2009-10-12,2238.51
2009-10-13,2227.46
2009-10-14,2302.54
2009-10-15,2276.1
2009-10-16,2272.37
2009-10-19,2322.17
2009-10-20,2348.65
2009-10-21,2370.65
2009-10-22,2368.11
2009-10-23,2412.18
2009-10-26,2381.07
2009-10-27,2330.69
2009-10-28,2273.83
2009-10-29,2306.95
2009-10-30,2274.72
2009-11-02,2264.07
2009-11-03,2193.87
2009-11-04,2249.08
2009-11-05,2305.84
2009-11-06,2276.74
2009-11-09,2358.84
2009-11-10,2373.3
2009-11-12,2393.6
2009-11-13,2356.59
2009-11-16,2429.41
2009-11-17,2426.98
2009-11-18,2370.07
2009-11-19,2328.44
2009-11-20,2347.67
2009-11-23,2411.7
2009-11-24,2366.25
2009-11-25,2365.44
2009-11-26,2331.34
2009-11-27,2316.97
2009-11-30,2352.71
2009-12-01,2378.43
2009-12-02,2392.93
2009-12-03,2389.04
2009-12-04,2448.25
2009-12-07,2431.26
2009-12-08,2374.7
2009-12-09,2320.13
2009-12-10,2314.28
2009-12-11,2333.97
2009-12-14,2352.02
2009-12-15,2351.48
2009-12-16,2359.88
2009-12-17,2330.73
2009-12-18,2322.64
2009-12-21,2341.9
2009-12-22,2364.9
2009-12-23,2371.07
2009-12-28,2405.04
2009-12-29,2414.85
2009-12-30,2396.44
2009-12-31,2388.72
2010-01-04,2444.58
2010-01-05,2462.3
2010-01-06,2472.83
2010-01-07,2436.4
2010-01-08,2440.42
2010-01-11,2473.5
2010-01-12,2448.71
2010-01-13,2458.05
2010-01-14,2451.98
2010-01-15,2442.38
2010-01-18,2465.3
2010-01-19,2489.42
2010-01-20,2489.45
2010-01-21,2470.51
2010-01-22,2407.78
2010-01-25,2417.87
2010-01-26,2388.64
2010-01-27,2373.41
2010-01-28,2362.93
2010-01-29,2382.64
2010-02-01,2363.18
2010-02-02,2374.35
2010-02-03,2383.95
2010-02-04,2285.94
2010-02-05,2195.65
2010-02-08,2189.35
2010-02-09,2205.27
2010-02-10,2215.15
2010-02-11,2173.25
2010-02-12,2216.71
2010-02-15,2259.19
2010-02-16,2239.53
2010-02-17,2281.92
2010-02-18,2250.77
2010-02-19,2249.48
2010-02-22,2267.3
2010-02-23,2240.28
2010-02-24,2233.08
2010-02-25,2198.36
2010-02-26,2265.01
2010-03-01,2288.85
2010-03-02,2347.58
2010-03-03,2357.54
2010-03-04,2361.62
2010-03-05,2389.37
2010-03-08,2406.55
2010-03-09,2393.88
2010-03-10,2412.18
2010-03-11,2403.05
2010-03-12,2415.82
2010-03-15,2392.78
2010-03-16,2445.34
2010-03-17,2465.98
2010-03-18,2445.4
2010-03-19,2441.39
2010-03-22,2437.59
2010-03-23,2456.24
2010-03-24,2445.32
2010-03-25,2495.13
2010-03-26,2495.65
2010-03-29,2485.35
2010-03-30,2506.24
2010-03-31,2495.6
2010-04-01,2552.5
2010-04-06,2575.36
2010-04-07,2561.5
2010-04-08,2522.36
2010-04-09,2553.58
2010-04-12,2578.66
2010-04-13,2587.69
2010-04-14,2604.76
2010-04-15,2601.01
2010-04-16,2594.83
2010-04-19,2534.38
2010-04-20,2569.41
2010-04-21,2545.99
2010-04-22,2483.68
2010-04-23,2514.63
2010-04-26,2577.26
2010-04-27,2535.67
2010-04-28,2486.53
2010-04-29,2534.41
2010-04-30,2547.52
2010-05-04,2452.7
2010-05-05,2414.46
2010-05-06,2397.6
2010-05-07,2336.99
2010-05-10,2458.36
2010-05-11,2443.52
2010-05-12,2469.07
2010-05-13,2458.51
2010-05-14,2389.61
2010-05-17,2413.23
2010-05-18,2431.4
2010-05-19,2356.51
2010-05-20,2287.07
2010-05-21,2308.92
2010-05-24,2326.79
2010-05-25,2270.13
2010-05-26,2371.29
2010-05-27,2394.31
2010-05-28,2427.11
2010-05-31,2433.81
2010-06-01,2390.58
2010-06-02,2405.25
2010-06-04,2354.86
2010-06-07,2330.89
2010-06-08,2326.32
2010-06-09,2342.13
2010-06-10,2380.25
2010-06-11,2378.4
2010-06-14,2403.9
2010-06-15,2384.34
2010-06-16,2383.24
2010-06-17,2351.22
2010-06-18,2361.16
2010-06-21,2395.33
2010-06-22,2379.48
2010-06-23,2329.88
2010-06-24,2326.17
2010-06-25,2337.98
2010-06-28,2337.12
2010-06-29,2275.83
2010-06-30,2271.03
2010-07-01,2270.52
2010-07-02,2300.67
2010-07-05,2290.9
2010-07-06,2336.27
2010-07-07,2331.37
2010-07-08,2329.15
2010-07-09,2333.6
2010-07-12,2360.15
2010-07-13,2380.28
2010-07-14,2388.46
2010-07-15,2394.47
2010-07-16,2375.24
2010-07-19,2381.92
2010-07-20,2360.91
2010-07-21,2414.83
2010-07-22,2455.3
2010-07-23,2460.96
2010-07-26,2494.95
2010-07-27,2482.11
2010-07-28,2470.16
2010-07-29,2483.36
2010-07-30,2474.67
2010-08-02,2542.56
2010-08-03,2545.6
2010-08-04,2554.59
2010-08-05,2546.89
2010-08-06,2548.63
2010-08-09,2528.42
2010-08-10,2489.77
2010-08-11,2455.41
2010-08-12,2466.67
2010-08-13,2452.05
2010-08-16,2482.89
2010-08-17,2493.05
2010-08-18,2479.64
2010-08-19,2463.84
2010-08-20,2445.14
2010-08-23,2465.59
2010-08-24,2410.23
2010-08-25,2393.28
2010-08-26,2400.33
2010-08-27,2430.39
2010-08-30,2413.91
2010-08-31,2431.11
2010-09-01,2453.44
2010-09-02,2460.66
2010-09-03,2476.19
2010-09-06,2487.83
2010-09-07,2478.75
2010-09-08,2530.63
2010-09-09,2535.85
2010-09-10,2524.48
2010-09-13,2559.89
2010-09-14,2552.88
2010-09-15,2558.14
2010-09-16,2546.45
2010-09-17,2539.42
2010-09-20,2554.96
2010-09-21,2589.73
2010-09-22,2591.3
2010-09-23,2571.35
2010-09-24,2606.78
2010-09-27,2602.14
2010-09-28,2572.31
2010-09-29,2585.42
2010-09-30,2615.22
2010-10-01,2611.3
2010-10-04,2633.94
2010-10-05,2667.14
2010-10-06,2664.1
2010-10-07,2626.43
2010-10-08,2609.15
2010-10-11,2625.95
2010-10-12,2627.88
2010-10-13,2693.08
2010-10-14,2676.9
2010-10-15,2654.25
2010-10-18,2663.44
2010-10-19,2626.39
2010-10-20,2615.81
2010-10-21,2653.94
2010-10-22,2641.6
2010-10-25,2641.8
2010-10-26,2629.35
2010-10-27,2641.84
2010-10-28,2638.97
2010-10-29,2651.27
2010-11-02,2679.22
2010-11-03,2668.39
2010-11-04,2721.43
2010-11-05,2733.37
2010-11-08,2731.56
2010-11-09,2769.26
2010-11-10,2726.48
2010-11-12,2739.5
2010-11-15,2719.14
2010-11-16,2682.82
2010-11-17,2680.57
2010-11-18,2688.32
2010-11-19,2655.84
2010-11-22,2645.75
2010-11-23,2637.95
2010-11-24,2662.32
2010-11-25,2667.14
2010-11-26,2641.81
2010-11-29,2616.18
2010-11-30,2611.6
2010-12-01,2667.42
2010-12-02,2682.05
2010-12-03,2712.09
2010-12-06,2747.28
2010-12-07,2765.38
2010-12-08,2763.97
2010-12-09,2757.07
2010-12-10,2763.26
2010-12-13,2769.89
2010-12-14,2774.61
2010-12-15,2787.09
2010-12-16,2755.36
2010-12-17,2759.52
2010-12-20,2741.3
2010-12-21,2772.03
2010-12-22,2769.51
2010-12-23,2768.66
2010-12-27,2758.5
2010-12-28,2742.54
2010-12-29,2775.89
2010-12-30,2756.88
2010-12-31,2744.17
2011-01-03,2782.32
2011-01-04,2739.96
2011-01-05,2705.35
2011-01-07,2682
2011-01-10,2658.32
2011-01-11,2671.38
2011-01-12,2719.34
2011-01-13,2725.48
2011-01-14,2704.88
2011-01-17,2720.49
2011-01-18,2794.58
2011-01-19,2757.3
2011-01-20,2726.25
2011-01-21,2733.31
2011-01-24,2722.41
2011-01-25,2695.94
2011-01-26,2715.71
2011-01-27,2724.95
2011-01-28,2704.92
2011-01-31,2704.86
2011-02-01,2727.96
2011-02-02,2724.96
2011-02-03,2733.73
2011-02-04,2742.34
2011-02-07,2741.18
2011-02-08,2737.65
2011-02-09,2742.05
2011-02-10,2706.01
2011-02-11,2727.06
2011-02-14,2716.36
2011-02-15,2702.62
2011-02-16,2687.45
2011-02-17,2641.83
2011-02-18,2663.53
2011-02-21,2661.46
2011-02-22,2653.51
2011-02-23,2673.86
2011-02-24,2653.94
2011-02-25,2673.52
2011-02-28,2717.81
2011-03-01,2692.29
2011-03-02,2708.54
2011-03-03,2762.89
2011-03-04,2783.11
2011-03-07,2788.23
2011-03-08,2794.73
2011-03-09,2780.27
2011-03-10,2760.25
2011-03-11,2749.3
2011-03-14,2757.76
2011-03-15,2748.55
2011-03-16,2714.19
2011-03-17,2757.54
2011-03-18,2779.69
2011-03-21,2792.57
2011-03-22,2768.11
2011-03-23,2768.96
2011-03-24,2781.98
2011-03-25,2813.89
2011-03-28,2828.42
2011-03-29,2816.07
2011-03-30,2806.43
2011-03-31,2816.96
2011-04-01,2877.24
2011-04-04,2883.35
2011-04-05,2884.4
2011-04-06,2928.19
2011-04-07,2928.95
2011-04-08,2903.53
2011-04-11,2908.38
2011-04-12,2890.82
2011-04-13,2923.8
2011-04-14,2906.85
2011-04-15,2917.21
2011-04-18,2872.7
2011-04-19,2888.09
2011-04-20,2925.83
2011-04-21,2908.02
2011-04-26,2927.04
2011-04-27,2917.34
2011-04-28,2932.62
2011-04-29,2913.13
2011-05-02,2919.81
2011-05-04,2878.44
2011-05-05,2858.91
2011-05-06,2867.19
2011-05-09,2835.49
2011-05-10,2869.32
2011-05-11,2857.03
2011-05-12,2829.83
2011-05-13,2822.57
2011-05-16,2845.94
2011-05-17,2805.67
2011-05-18,2824.23
2011-05-19,2821.46
2011-05-20,2829.43
2011-05-23,2816.7
2011-05-24,2824.01
2011-05-25,2853.7
2011-05-26,2855.9
2011-05-27,2866.63
2011-05-30,2871.26
2011-05-31,2903.61
2011-06-01,2901.61
2011-06-02,2896.05
2011-06-03,2883.82
2011-06-06,2868.98
2011-06-07,2895.87
2011-06-08,2884.17
2011-06-09,2871.69
2011-06-10,2852.16
2011-06-13,2858.49
2011-06-14,2879.07
2011-06-15,2866.62
2011-06-16,2863.81
2011-06-17,2880.13
2011-06-20,2828.12
2011-06-21,2837.19
2011-06-22,2807.74
2011-06-24,2801.59
2011-06-27,2788.18
2011-06-28,2782.83
2011-06-29,2812.05
2011-06-30,2802.01
2011-07-01,2813.35
2011-07-04,2804.15
2011-07-05,2813.58
2011-07-06,2792.37
2011-07-07,2820.08
2011-07-08,2793.62
2011-07-11,2743.44
2011-07-12,2734.8
2011-07-13,2762.63
2011-07-14,2742.32
2011-07-15,2747.6
2011-07-18,2675.67
2011-07-19,2680.72
2011-07-20,2693.17
2011-07-21,2729.46
2011-07-22,2743.46
2011-07-25,2734.4
2011-07-26,2720.54
2011-07-27,2689.21
2011-07-28,2720.73
2011-07-29,2726.31
2011-08-01,2702.23
2011-08-02,2665.98
2011-08-03,2579.15
2011-08-04,2487.66
2011-08-05,2447.21
2011-08-08,2390.01
2011-08-09,2313.48
2011-08-10,2194.07
2011-08-11,2293.38
2011-08-12,2331.53
2011-08-16,2387.49
2011-08-17,2387.3
2011-08-18,2248.51
2011-08-19,2252.4
2011-08-22,2304.59
2011-08-23,2299.06
2011-08-24,2301.67
2011-08-25,2314.33
2011-08-26,2313.3
2011-08-29,2352.41
2011-08-30,2391.15
2011-08-31,2450.95
2011-09-01,2414.64
2011-09-02,2359.75
2011-09-05,2276.52
2011-09-06,2290.08
2011-09-07,2369.75
2011-09-08,2365.94
2011-09-09,2248.74
2011-09-12,2181.88
2011-09-13,2195.89
2011-09-14,2210.18
2011-09-15,2283.99
2011-09-16,2298.52
2011-09-19,2263.72
2011-09-20,2284.94
2011-09-21,2288.85
2011-09-22,2122.55
2011-09-23,2101.23
2011-09-26,2115.22
2011-09-27,2203.31
2011-09-28,2181.59
2011-09-29,2188.73
2011-09-30,2188.73
2011-10-03,2146.56
2011-10-04,2089.84
2011-10-05,2144.87
2011-10-06,2173.27
2011-10-07,2190.35
2011-10-10,2265.59
2011-10-11,2261.87
2011-10-12,2316.65
2011-10-13,2272.42
2011-10-14,2300.65
2011-10-17,2285.91
2011-10-18,2288.43
2011-10-19,2295.22
2011-10-20,2222.09
2011-10-21,2305.42
2011-10-24,2370.68
2011-10-25,2349.71
2011-10-26,2340.27
2011-10-27,2414.62
2011-10-28,2409.3
2011-10-31,2371.57
2011-11-02,2355.68
2011-11-03,2397.35
2011-11-04,2362.72
2011-11-07,2381.66
2011-11-08,2397.27
2011-11-09,2315.67
2011-11-10,2288.44
2011-11-14,2314.35
2011-11-15,2302.27
2011-11-16,2331.49
2011-11-17,2293.36
2011-11-18,2239.88
2011-11-21,2182.14
2011-11-22,2183.83
2011-11-23,2146.14
2011-11-24,2164.88
2011-11-25,2163.8
2011-11-28,2211.92
2011-11-29,2182.53
2011-11-30,2288.07
2011-12-01,2265.03
2011-12-02,2257.9
2011-12-05,2292.13
2011-12-06,2242.12
2011-12-07,2253.57
2011-12-08,2211.83
2011-12-09,2226.88
2011-12-12,2174.78
2011-12-13,2187.6
2011-12-14,2173.94
2011-12-15,2161.32
2011-12-16,2116.03
2011-12-19,2106.24
2011-12-20,2136.95
2011-12-21,2156.43
2011-12-22,2148.41
2011-12-23,2168.83
2011-12-27,2173.35
2011-12-28,2148.03
2011-12-29,2162.62
2011-12-30,2144.48
2012-01-02,2194.11
2012-01-03,2204.27
2012-01-04,2183.98
2012-01-05,2157.43
2012-01-09,2126.71
2012-01-10,2138.06
2012-01-11,2131
2012-01-12,2166.99
2012-01-13,2166.38
2012-01-16,2182.94
2012-01-17,2207.87
2012-01-18,2228.09
2012-01-19,2244.38
2012-01-20,2261.02
2012-01-23,2265.75
2012-01-24,2264.78
2012-01-25,2252.99
2012-01-26,2305.55
2012-01-27,2306.37
2012-01-30,2316.62
2012-01-31,2332.17
2012-02-01,2363.6
2012-02-02,2371.09
2012-02-03,2374.47
2012-02-06,2390.27
2012-02-07,2374.64
2012-02-08,2376.65
2012-02-09,2364.29
2012-02-10,2324.97
2012-02-13,2342.29
2012-02-14,2329.32
2012-02-15,2335.41
2012-02-16,2319.33
2012-02-17,2359.89
2012-02-20,2348.92
2012-02-21,2352.13
2012-02-22,2328.36
2012-02-23,2297.46
2012-02-24,2311.89
2012-02-27,2313.28
2012-02-28,2319.3
2012-02-29,2317.11
2012-03-01,2320.89
2012-03-02,2325.26
2012-03-05,2284.32
2012-03-06,2249.56
2012-03-07,2265.61
2012-03-08,2296.59
2012-03-09,2286.02
2012-03-12,2292.12
2012-03-13,2298.33
2012-03-14,2337.46
2012-03-15,2344.17
2012-03-16,2337.92
2012-03-19,2324.3
2012-03-20,2299.76
2012-03-21,2298.42
2012-03-22,2261.86
2012-03-23,2284.34
2012-03-26,2305.12
2012-03-27,2323.63
2012-03-28,2307.52
2012-03-29,2271.36
2012-03-30,2286.53
2012-04-02,2300.97
2012-04-03,2298.69
2012-04-04,2257.06
2012-04-05,2263.35
2012-04-10,2226.18
2012-04-11,2251.89
2012-04-12,2278.58
2012-04-13,2249.93
2012-04-16,2251.37
2012-04-17,2271.2
2012-04-18,2246.37
2012-04-19,2232.18
2012-04-20,2221.91
2012-04-23,2167.13
2012-04-24,2180.35
2012-04-25,2185.89
2012-04-26,2209.63
2012-04-27,2244.3
2012-04-30,2240.57
2012-05-02,2225.96
2012-05-04,2210.08
2012-05-07,2217.4
2012-05-08,2168.35
2012-05-09,2168.49
2012-05-10,2187.54
2012-05-11,2178.77
2012-05-14,2137.12
2012-05-15,2111.15
2012-05-16,2119.73
2012-05-17,2057.12
2012-05-18,2060.99
2012-05-21,2096.35
2012-05-22,2099.75
2012-05-23,2038.14
2012-05-24,2035.8
2012-05-25,2037.18
2012-05-28,2055.69
2012-05-29,2090.74
2012-05-30,2072.09
2012-05-31,2096.35
2012-06-01,2071.54
2012-06-04,2077.76
2012-06-05,2039.72
2012-06-06,2110.91
2012-06-08,2153.86
2012-06-11,2164.7
2012-06-12,2213.31
2012-06-13,2209.11
2012-06-14,2207.85
2012-06-15,2233.38
2012-06-18,2228.36
2012-06-19,2270.94
2012-06-20,2260.76
2012-06-21,2245.58
2012-06-22,2242.15
2012-06-25,2208.35
2012-06-26,2252.23
2012-06-27,2276.19
2012-06-28,2238.18
2012-06-29,2275.3
2012-07-02,2254.86
2012-07-03,2270.54
2012-07-04,2262.27
2012-07-05,2287.47
2012-07-06,2273.28
2012-07-09,2241.55
2012-07-10,2247.02
2012-07-11,2221.15
2012-07-12,2153.9
2012-07-13,2191.41
2012-07-16,2188.92
2012-07-17,2190.9
2012-07-18,2184.83
2012-07-19,2198.92
2012-07-20,2172.56
2012-07-23,2101.1
2012-07-24,2114.51
2012-07-25,2118.73
2012-07-26,2114.71
2012-07-27,2162.64
2012-07-30,2190.68
2012-07-31,2185.67
2012-08-01,2188.63
2012-08-02,2170.95
2012-08-03,2222.64
2012-08-06,2261.97
2012-08-07,2266.53
2012-08-08,2269.33
2012-08-09,2319.42
2012-08-10,2313.09
2012-08-13,2311.84
2012-08-14,2317.7
2012-08-16,2343.94
2012-08-17,2313.69
2012-08-20,2281.86
2012-08-21,2299.36
2012-08-22,2279.15
2012-08-23,2278.08
2012-08-24,2283.08
2012-08-27,2276.94
2012-08-28,2253.26
2012-08-29,2235.53
2012-08-30,2227.08
2012-08-31,2258.29
2012-09-03,2265.07
2012-09-04,2248.48
2012-09-05,2260.87
2012-09-06,2296.88
2012-09-07,2317.21
2012-09-10,2335.29
2012-09-11,2352.88
2012-09-12,2347.22
2012-09-13,2353.51
2012-09-14,2417.32
2012-09-17,2403.23
2012-09-18,2405.41
2012-09-19,2416.64
2012-09-20,2387.45
2012-09-21,2380.32
2012-09-24,2367.42
2012-09-25,2382.03
2012-09-26,2357.34
2012-09-27,2375.96
2012-09-28,2371.42
2012-10-01,2399.8
2012-10-02,2399.29
2012-10-03,2388.78
2012-10-04,2370.18
2012-10-05,2411.07
2012-10-08,2400.99
2012-10-09,2376.24
2012-10-10,2392.33
2012-10-11,2394.21
2012-10-12,2375.91
2012-10-15,2377.22
2012-10-16,2397.98
2012-10-17,2391.57
2012-10-18,2397.93
2012-10-19,2350.25
2012-10-22,2350.61
2012-10-23,2310.25
2012-10-24,2321.53
2012-10-25,2328.61
2012-10-26,2320.08
2012-10-29,2316.38
2012-10-30,2323.32
2012-10-31,2317.56
2012-11-02,2345.99
2012-11-05,2343.9
2012-11-06,2342.79
2012-11-07,2325.15
2012-11-08,2338.06
2012-11-09,2323.97
2012-11-12,2335.02
2012-11-13,2354.3
2012-11-14,2366.77
2012-11-15,2371.77
2012-11-16,2367.74
2012-11-19,2404.36
2012-11-20,2404.88
2012-11-21,2385.95
2012-11-22,2374.31
2012-11-23,2398.39
2012-11-26,2405.82
2012-11-27,2407.06
2012-11-28,2401.54
2012-11-29,2410.79
2012-11-30,2421.54
2012-12-03,2442.58
2012-12-04,2457.52
2012-12-05,2468.85
2012-12-06,2485.44
2012-12-07,2450.74
2012-12-10,2476.53
2012-12-11,2512.64
2012-12-12,2525.4
2012-12-13,2518.8
2012-12-14,2536.8
2012-12-17,2551.53
2012-12-18,2575.81
2012-12-19,2602.51
2012-12-20,2593.73
2012-12-21,2583.06
2012-12-27,2600.67
2012-12-28,2582.98
2013-01-02,2626.21
2013-01-03,2628.36
2013-01-04,2601.73
2013-01-07,2578.48
2013-01-08,2562.63
2013-01-09,2567.59
2013-01-10,2573.62
2013-01-11,2557.93
2013-01-14,2560.14
2013-01-15,2532.42
2013-01-16,2565.15
2013-01-17,2567.16
2013-01-18,2572.14
2013-01-21,2573.67
2013-01-22,2566.6
2013-01-23,2558.39
2013-01-24,2568.63
2013-01-25,2542.32
2013-01-28,2521.5
2013-01-29,2524.36
2013-01-30,2496.15
2013-01-31,2492.76
2013-02-01,2499.19
2013-02-04,2469.73
2013-02-05,2485.25
2013-02-06,2455.47
2013-02-07,2467.45
2013-02-08,2495.42
2013-02-11,2497.88
2013-02-12,2470.48
2013-02-13,2471.21
2013-02-14,2456.36
2013-02-15,2467.63
2013-02-18,2476.01
2013-02-19,2477.19
2013-02-20,2443.16
2013-02-21,2436.47
2013-02-22,2437.24
2013-02-25,2454.92
2013-02-26,2428.57
2013-02-27,2450.36
2013-02-28,2452.01
2013-03-01,2452.86
2013-03-04,2438.97
2013-03-05,2477.68
2013-03-06,2481.36
2013-03-07,2474.7
2013-03-08,2490.7
2013-03-11,2479.2
2013-03-12,2482.39
2013-03-13,2473.95
2013-03-14,2498.84
2013-03-15,2486.3
2013-03-18,2453.9
2013-03-19,2421.94
2013-03-20,2422.61
2013-03-21,2395.82
2013-03-22,2370.02
2013-03-25,2339.48
2013-03-26,2353.41
2013-03-27,2385.27
2013-03-28,2370.07
2013-04-02,2375.67
2013-04-03,2336.45
2013-04-04,2342.64
2013-04-05,2346.37
2013-04-08,2344.72
2013-04-09,2347.1
2013-04-10,2370.51
2013-04-11,2409.02
2013-04-12,2397.08
2013-04-15,2350.08
2013-04-17,2304.59
2013-04-18,2269.22
2013-04-19,2277.71
2013-04-22,2278.07
2013-04-23,2273.47
2013-04-24,2286.71
2013-04-25,2288.09
2013-04-26,2294.06
2013-04-29,2303.18
2013-04-30,2319.15
2013-05-02,2305.9
2013-05-06,2339.22
2013-05-07,2347.82
2013-05-08,2367.91
2013-05-09,2348.95
2013-05-10,2338.16
2013-05-13,2354.34
2013-05-14,2386.81
2013-05-15,2408.86
2013-05-16,2390.32
2013-05-17,2391.07
2013-05-20,2376.78
2013-05-21,2370.32
2013-05-22,2371.95
2013-05-23,2359.42
2013-05-24,2384.58
2013-05-27,2451.06
2013-05-28,2469.37
2013-05-29,2463.37
2013-05-31,2485.5
2013-06-03,2443.65
2013-06-04,2462.92
2013-06-05,2461.51
2013-06-06,2446.29
2013-06-07,2488.84
2013-06-10,2503.41
2013-06-11,2484.11
2013-06-12,2481.6
2013-06-13,2472.75
2013-06-14,2478.43
2013-06-17,2463.37
2013-06-18,2455.15
2013-06-19,2413.4
2013-06-20,2297.91
2013-06-21,2233.64
2013-06-24,2244.27
2013-06-25,2246.69
2013-06-26,2246.66
2013-06-27,2177.02
2013-06-28,2245.64
2013-07-01,2237.25
2013-07-02,2284.76
2013-07-03,2262.92
2013-07-04,2287.54
2013-07-05,2253.49
2013-07-08,2223.28
2013-07-09,2218.77
2013-07-10,2244.63
2013-07-11,2279.09
2013-07-12,2302.81
2013-07-15,2305.78
2013-07-16,2303.05
2013-07-17,2309.79
2013-07-18,2300.33
2013-07-19,2313.31
2013-07-22,2311.49
2013-07-23,2327.28
2013-07-24,2324.17
2013-07-25,2317.8
2013-07-26,2291.1
2013-07-29,2299.26
2013-07-30,2307.79
2013-07-31,2326.59
2013-08-01,2351.14
2013-08-02,2401.85
2013-08-05,2405.73
2013-08-06,2366.74
2013-08-07,2380.01
2013-08-08,2406.4
2013-08-09,2414.28
2013-08-12,2440.05
2013-08-13,2442.3
2013-08-14,2461.22
2013-08-16,2445.6
2013-08-19,2438.83
2013-08-20,2405.32
2013-08-21,2383.15
2013-08-22,2420.68
2013-08-23,2417.23
2013-08-26,2417.91
2013-08-27,2367.63
2013-08-28,2361.85
2013-08-29,2367.84
2013-08-30,2384.22
2013-09-02,2394.9
2013-09-03,2367.49
2013-09-04,2308.44
2013-09-05,2201.5
2013-09-06,2238.98
2013-09-09,2290.86
2013-09-10,2357.25
2013-09-11,2380.01
2013-09-12,2399.23
2013-09-13,2375.44
2013-09-16,2354.66
2013-09-17,2365.36
2013-09-18,2363.78
2013-09-19,2410.92
2013-09-20,2408.16
2013-09-23,2388.66
2013-09-24,2393.06
2013-09-25,2407.12
2013-09-26,2435.83
2013-09-27,2422.46
2013-09-30,2391.53
2013-10-01,2413.17
2013-10-02,2412.37
2013-10-03,2420.17
2013-10-04,2394.59
2013-10-07,2380.18
2013-10-08,2373.23
2013-10-09,2384.3
2013-10-10,2468.7
2013-10-11,2489.64
2013-10-14,2498.77
2013-10-15,2490.34
2013-10-16,2505.2
2013-10-17,2474.92
2013-10-18,2485.13
2013-10-21,2554.61
2013-10-22,2544.45
2013-10-23,2523.32
2013-10-24,2551.43
2013-10-25,2537.62
2013-10-28,2557.77
2013-10-29,2574.6
2013-10-30,2553.51
2013-10-31,2528.97
2013-11-04,2548.15
2013-11-05,2521.41
2013-11-06,2546.67
2013-11-07,2527.66
2013-11-08,2509.11
2013-11-12,2503.6
2013-11-13,2468.82
2013-11-14,2499.23
2013-11-15,2547.01
2013-11-18,2622.25
2013-11-19,2600.66
2013-11-20,2594.99
2013-11-21,2581.98
2013-11-22,2590.48
2013-11-25,2615.22
2013-11-26,2573.49
2013-11-27,2590.3
2013-11-28,2572.72
2013-11-29,2584.68
2013-12-02,2535.69
2013-12-03,2507.92
2013-12-04,2497.76
2013-12-05,2478.1
2013-12-06,2479.16
2013-12-09,2478.77
2013-12-10,2474.62
2013-12-11,2470.2
2013-12-12,2440.61
2013-12-13,2429.67
2013-12-16,2433.47
2013-12-17,2392.26
2013-12-18,2398.49
2013-12-19,2378.23
2013-12-20,2408.84
2013-12-23,2414.19
2013-12-27,2404.35
2013-12-30,2400.98
2014-01-02,2430.72
2014-01-03,2405.22
2014-01-07,2349.6
2014-01-08,2363.38
2014-01-09,2325.54
2014-01-10,2327.89
2014-01-13,2363.88
2014-01-14,2377.55
2014-01-15,2396.68
2014-01-16,2401.87
2014-01-17,2376.28
2014-01-20,2379.22
2014-01-21,2411.26
2014-01-22,2432.78
2014-01-23,2406.37
2014-01-24,2347.44
2014-01-27,2318.06
2014-01-28,2333.83
2014-01-29,2313.34
2014-01-30,2335.89
2014-01-31,2355.89
2014-02-03,2369.57
2014-02-04,2353.8
2014-02-05,2359
2014-02-06,2419.47
2014-02-07,2420.94
2014-02-10,2411.36
2014-02-11,2443.71
2014-02-12,2482.58
2014-02-13,2489.67
2014-02-14,2482.75
2014-02-17,2481.23
2014-02-18,2470.87
2014-02-19,2486.13
2014-02-20,2462.84
2014-02-21,2487.72
2014-02-24,2526.9
2014-02-25,2507.06
2014-02-26,2478.38
2014-02-27,2467.9
2014-02-28,2518.53
2014-03-03,2389.89
2014-03-04,2442.92
2014-03-05,2445.41
2014-03-06,2460.03
2014-03-07,2435.15
2014-03-10,2396.97
2014-03-11,2401.03
2014-03-12,2369.49
2014-03-13,2339.37
2014-03-14,2341.98
2014-03-17,2394.84
2014-03-18,2379.45
2014-03-19,2360.77
2014-03-20,2374.37
2014-03-21,2365.96
2014-03-24,2361.78
2014-03-25,2401.61
2014-03-26,2424.59
2014-03-27,2421.79
2014-03-28,2433.74
2014-03-31,2462.47
2014-04-01,2462.77
2014-04-02,2473.45
2014-04-03,2449.49
2014-04-04,2471.5
2014-04-07,2453.35
2014-04-08,2465.54
2014-04-09,2461.76
2014-04-10,2470.81
2014-04-11,2464.12
2014-04-14,2440.65
2014-04-15,2407.32
2014-04-16,2395.55
2014-04-17,2433.91
2014-04-22,2459.3
2014-04-23,2453.48
2014-04-24,2447.34
2014-04-25,2429.8
2014-04-28,2438.23
2014-04-29,2451.35
2014-04-30,2439.09
2014-05-02,2432.06
2014-05-05,2405.87
2014-05-06,2389.3
2014-05-07,2389.43
2014-05-08,2403.89
2014-05-09,2387.81
2014-05-12,2412.71
2014-05-13,2413.23
2014-05-14,2421.49
2014-05-15,2395.56
2014-05-16,2392.89
2014-05-19,2400.11
2014-05-20,2410.16
2014-05-21,2415.23
2014-05-22,2464.43
2014-05-23,2465.52
2014-05-26,2471.98
2014-05-27,2464.15
2014-05-28,2448.33
2014-05-29,2465.3
2014-05-30,2429.51
2014-06-02,2440.24
2014-06-03,2446.42
2014-06-04,2462.12
2014-06-05,2480.85
2014-06-06,2498.7
2014-06-09,2480.62
2014-06-10,2499.32
2014-06-11,2487.51
2014-06-12,2476.39
2014-06-13,2471.82
2014-06-16,2447.01
2014-06-17,2464.39
2014-06-18,2462.36
2014-06-20,2462.13
2014-06-23,2475.89
2014-06-24,2459.77
2014-06-25,2421.1
2014-06-26,2402.82
2014-06-27,2399.63
2014-06-30,2408.81
2014-07-01,2404.83
2014-07-02,2381.06
2014-07-03,2375.52
2014-07-04,2363
2014-07-07,2378.88
2014-07-08,2360.91
2014-07-09,2343.39
2014-07-10,2341.18
2014-07-11,2372.05
2014-07-14,2380.36
2014-07-15,2388.34
2014-07-16,2397
2014-07-17,2403.13
2014-07-18,2393.95
2014-07-21,2390.31
2014-07-22,2411.61
2014-07-23,2402.93
2014-07-24,2409.2
2014-07-25,2406.32
2014-07-28,2399.93
2014-07-29,2390.99
2014-07-30,2346.51
2014-07-31,2320.85
2014-08-01,2341.91
2014-08-04,2361.56
2014-08-05,2369.33
2014-08-06,2362.27
2014-08-07,2332.73
2014-08-08,2315.65
2014-08-11,2351.98
2014-08-12,2349.48
2014-08-13,2381.74
2014-08-14,2415.76
2014-08-18,2448.73
2014-08-19,2447.99
2014-08-20,2451.06
2014-08-21,2449.87
2014-08-22,2439.03
2014-08-25,2449.8
2014-08-26,2468.76
2014-08-27,2467.29
2014-08-28,2421.4
2014-08-29,2416.97
2014-09-01,2443.14
2014-09-02,2463.1
2014-09-03,2513.96
2014-09-04,2538.15
2014-09-05,2541.42
2014-09-08,2551.47
2014-09-09,2542.88
2014-09-10,2536.44
2014-09-11,2501.58
2014-09-12,2497.38
2014-09-15,2489.77
2014-09-16,2498.48
2014-09-17,2515.27
2014-09-18,2503.16
2014-09-19,2539.6
2014-09-22,2515.79
2014-09-23,2485.29
2014-09-24,2475.05
2014-09-25,2469.68
2014-09-26,2484.02
2014-09-29,2485.51
2014-09-30,2500.29
2014-10-01,2462.6
2014-10-02,2434.37
2014-10-03,2444.06
2014-10-06,2446.89
2014-10-07,2436.39
2014-10-08,2410.88
2014-10-09,2424.95
2014-10-10,2392.62
2014-10-13,2394.22
2014-10-14,2402.9
2014-10-15,2381.76
2014-10-16,2382.72
2014-10-17,2401.13
2014-10-20,2386.61
2014-10-21,2423.29
2014-10-22,2429.1
2014-10-23,2433.84
2014-10-24,2426.2
2014-10-27,2437.72
2014-10-28,2456.73
2014-10-29,2449.49
2014-10-30,2441.71
2014-10-31,2463.68
2014-11-03,2462.51
2014-11-04,2462.33
2014-11-05,2441.56
2014-11-06,2435.48
2014-11-07,2417.45
2014-11-10,2407.05
2014-11-12,2402.02
2014-11-13,2393.36
2014-11-14,2418.4
2014-11-17,2418.78
2014-11-18,2431.23
2014-11-19,2421.67
2014-11-20,2396.52
2014-11-21,2418.26
2014-11-24,2410.65
2014-11-25,2410.27
2014-11-26,2420.66
2014-11-27,2428.35
2014-11-28,2416.93
2014-12-01,2417.11
2014-12-02,2446.32
2014-12-03,2445.4
2014-12-04,2417.21
2014-12-05,2438.42
2014-12-08,2431.89
2014-12-09,2398.03
2014-12-10,2371.43
2014-12-11,2379.6
2014-12-12,2360
2014-12-15,2321.57
2014-12-16,2271.27
2014-12-17,2288.7
2014-12-18,2330.83
2014-12-19,2310.88
2014-12-22,2321.83
2014-12-23,2323.04
2014-12-29,2302.59
2014-12-30,2315.94
2015-01-02,2309.39
2015-01-05,2264.75
2015-01-07,2307.46
2015-01-08,2361.48
2015-01-09,2337.21
2015-01-12,2330.04
2015-01-13,2367.65
2015-01-14,2336.66
2015-01-15,2265.21
2015-01-16,2252.33
2015-01-19,2255.12
2015-01-20,2242.42
2015-01-21,2287.86
2015-01-22,2319.45
2015-01-23,2319.59
2015-01-26,2307.29
2015-01-27,2309.86
2015-01-28,2319.18
2015-01-29,2340.77
2015-01-30,2341
2015-02-02,2330.14
2015-02-03,2335.42
2015-02-04,2341.68
2015-02-05,2341.58
2015-02-06,2354.47
2015-02-09,2339.79
2015-02-10,2340.12
2015-02-11,2323.5
2015-02-12,2338.37
2015-02-13,2346.95
2015-02-16,2362
2015-02-17,2360.31
2015-02-18,2346.71
2015-02-19,2348.06
2015-02-20,2348.94
2015-02-23,2365.58
2015-02-24,2363.61
2015-02-25,2354.65
2015-02-26,2361.01
2015-02-27,2367.1
2015-03-02,2358.25
2015-03-03,2323.09
2015-03-04,2338
2015-03-05,2355.75
2015-03-06,2345.93
2015-03-09,2344.12
2015-03-10,2312.96
2015-03-11,2325.12
2015-03-12,2329.81
2015-03-13,2303.4
2015-03-16,2311.04
2015-03-17,2330.39
2015-03-18,2344.36
2015-03-19,2384.78
2015-03-20,2407.7
2015-03-23,2414.39
2015-03-24,2412.32
2015-03-25,2395.4
2015-03-26,2376.39
2015-03-27,2373.18
2015-03-30,2396.44
2015-03-31,2395.94
2015-04-01,2392.7
2015-04-02,2400.65
2015-04-07,2420.78
2015-04-08,2424.82
2015-04-09,2441.89
2015-04-10,2443.62
2015-04-13,2442.47
2015-04-14,2434.89
2015-04-15,2475.33
2015-04-16,2503.65
2015-04-17,2463.96
2015-04-20,2505.34
2015-04-21,2509.5
2015-04-22,2520.38
2015-04-23,2522.78
2015-04-24,2519.2
2015-04-27,2549.4
2015-04-28,2548.98
2015-04-29,2521.57
2015-04-30,2514.63
2015-05-04,2523.09
2015-05-05,2507.95
2015-05-06,2524.54
2015-05-07,2522.61
2015-05-08,2546.78
2015-05-11,2535.1
2015-05-12,2542.65
2015-05-13,2540.26
2015-05-14,2513.58
2015-05-15,2514.84
2015-05-18,2523.59
2015-05-19,2523.35
2015-05-20,2521.07
2015-05-21,2524.83
2015-05-22,2516.76
2015-05-25,2473.17
2015-05-26,2448.81
2015-05-27,2460.74
2015-05-28,2441.15
2015-05-29,2437.81
2015-06-01,2437.09
2015-06-02,2408.73
2015-06-03,2388.93
2015-06-05,2365.58
2015-06-08,2354.26
2015-06-09,2338.65
2015-06-10,2384.49
2015-06-11,2383.87
2015-06-12,2358.73
2015-06-15,2358.03
2015-06-16,2356.77
2015-06-17,2321.39
2015-06-18,2334.36
2015-06-19,2299.35
2015-06-22,2350.09
2015-06-23,2341.26
2015-06-24,2348.97
2015-06-25,2354.74
2015-06-26,2333.82
2015-06-29,2291.23
2015-06-30,2317.84
2015-07-01,2293.03
2015-07-02,2294.37
2015-07-03,2278.17
2015-07-06,2272.09
2015-07-07,2218.64
2015-07-08,2216.39
2015-07-09,2230.65
2015-07-10,2270.84
2015-07-13,2269
2015-07-14,2259.98
2015-07-15,2257.62
2015-07-16,2298.54
2015-07-17,2285.03
2015-07-20,2244.63
2015-07-21,2249.67
2015-07-22,2185.83
2015-07-23,2200.84
2015-07-24,2187.67
2015-07-27,2189.08
2015-07-28,2194.24
2015-07-29,2212.02
2015-07-30,2188.92
2015-07-31,2227.51
2015-08-03,2230.28
2015-08-04,2227.98
2015-08-05,2258.62
2015-08-06,2196.22
2015-08-07,2196.78
2015-08-10,2222.25
2015-08-11,2219.57
2015-08-12,2200.08
2015-08-13,2224.74
2015-08-14,2198.22
2015-08-17,2174.11
2015-08-18,2169.59
2015-08-19,2192.14
2015-08-20,2200.86
2015-08-21,2179.73
2015-08-24,2056.38
2015-08-25,2070.56
2015-08-26,2074.49
2015-08-27,2117.83
2015-08-28,2145.12
2015-08-31,2163.71
2015-09-01,2115.75
2015-09-02,2107.58
2015-09-03,2155.07
2015-09-04,2146.47
2015-09-07,2132.36
2015-09-08,2135.15
2015-09-09,2142.53
2015-09-10,2184.96
2015-09-11,2185.46
2015-09-14,2183.05
2015-09-15,2185.88
2015-09-16,2181.8
2015-09-17,2199.46
2015-09-18,2168.19
2015-09-21,2178.27
2015-09-22,2137.88
2015-09-23,2106.8
2015-09-24,2082.95
2015-09-25,2091.73
2015-09-28,2059.41
2015-09-29,2043
2015-09-30,2066.37
2015-10-01,2049.93
2015-10-02,2036.32
2015-10-05,2088.27
2015-10-06,2102.87
2015-10-07,2110.39
2015-10-08,2126.48
2015-10-09,2143.28
2015-10-12,2133.56
2015-10-13,2123.43
2015-10-14,2118.97
2015-10-15,2136.42
2015-10-16,2121.94
2015-10-19,2111.04
2015-10-20,2116.81
2015-10-21,2105.65
2015-10-22,2106.27
2015-10-23,2107.43
2015-10-26,2110.74
2015-10-27,2113.06
2015-10-28,2105.63
2015-10-29,2059.34
2015-10-30,2060.03
2015-11-02,2077.09
2015-11-03,2061.38
2015-11-04,2063.08
2015-11-05,2041.24
2015-11-06,2019.78
2015-11-09,2012.97
2015-11-10,2021.92
2015-11-12,2013.67
2015-11-13,1978.87
2015-11-16,1971.43
2015-11-17,2007.62
2015-11-18,2023.98
2015-11-19,2009.73
2015-11-20,2021.99
2015-11-23,1982.57
2015-11-24,1943.99
2015-11-25,1943.3
2015-11-26,1963.89
2015-11-27,1936.05
2015-11-30,1925.72
2015-12-01,1923.94
2015-12-02,1886.5
2015-12-03,1867.96
2015-12-04,1868.24
2015-12-07,1864.92
2015-12-08,1814.88
2015-12-09,1773.21
2015-12-10,1798.86
2015-12-11,1757.37
2015-12-14,1754.74
2015-12-15,1771.99
2015-12-16,1803.68
2015-12-17,1840.57
2015-12-18,1858.87
2015-12-21,1866.19
2015-12-22,1873.78
2015-12-23,1879.75
2015-12-28,1876.33
2015-12-29,1893.32
2015-12-30,1859.15
2016-01-04,1804.42
2016-01-05,1792.01
2016-01-07,1745.46
2016-01-08,1725.14
2016-01-11,1703.78
2016-01-12,1750.51
2016-01-13,1772.48
2016-01-14,1776.96
2016-01-15,1734.87
2016-01-18,1679.22
2016-01-19,1692.52
2016-01-20,1674.57
2016-01-21,1683.81
2016-01-22,1727.22
2016-01-25,1729.62
2016-01-26,1713.36
2016-01-27,1728.84
2016-01-28,1755.39
2016-01-29,1780.25
2016-02-01,1777.54
2016-02-02,1731.64
2016-02-03,1739.08
2016-02-04,1788.65
2016-02-05,1790.87
2016-02-08,1769.71
2016-02-09,1767.45
2016-02-10,1760.99
2016-02-11,1758.93
2016-02-12,1765.53
2016-02-15,1787.98
2016-02-16,1783.93
2016-02-17,1847.95
2016-02-18,1853.76
2016-02-19,1841.06
2016-02-22,1859.73
2016-02-23,1844.96
2016-02-24,1818.37
2016-02-25,1838.17
2016-02-26,1844.57
2016-02-29,1824.08
2016-03-01,1825.07
2016-03-02,1825.15
2016-03-03,1877.15
2016-03-04,1873.51
2016-03-07,1895.41
2016-03-08,1876.49
2016-03-09,1878.59
2016-03-10,1887.31
2016-03-11,1910.87
2016-03-14,1913.83
2016-03-15,1906.08
2016-03-16,1905.69
2016-03-17,1944.21
2016-03-18,1961.97
2016-03-21,1952.63
2016-03-22,1962.98
2016-03-23,1935.61
2016-03-24,1936.19
2016-03-29,1953.84
2016-03-30,1999.93
2016-03-31,1997.69
2016-04-01,1973.24
2016-04-04,1986.14
2016-04-05,1933.84
2016-04-06,1919.59
2016-04-07,1905.1
2016-04-08,1919.42
2016-04-11,1914.22
2016-04-12,1907.72
2016-04-13,1944.36
2016-04-14,1951.75
2016-04-15,1939.95
2016-04-18,1946.34
2016-04-19,1964.84
2016-04-20,1962.88
2016-04-21,1950.38
2016-04-22,1943.03
2016-04-25,1925.34
2016-04-26,1916.35
2016-04-27,1892.48
2016-04-28,1897.98
2016-04-29,1896.64
2016-05-02,1899.72
2016-05-04,1865.25
2016-05-05,1837.71
2016-05-06,1852.71
2016-05-09,1848.45
2016-05-10,1825.17
2016-05-11,1818.02
2016-05-12,1816.09
2016-05-13,1815.38
2016-05-16,1853.78
2016-05-17,1846.5
2016-05-18,1841.84
2016-05-19,1799.9
2016-05-20,1806.38
2016-05-23,1818.97
2016-05-24,1831.15
2016-05-25,1849.27
2016-05-27,1839.22
2016-05-30,1841.79
2016-05-31,1808.24
2016-06-01,1759.49
2016-06-02,1762.28
2016-06-03,1793.43
2016-06-06,1797.27
2016-06-07,1832.79
2016-06-08,1843.85
2016-06-09,1814.14
2016-06-10,1782.02
2016-06-13,1780.01
2016-06-14,1762.61
2016-06-15,1772.91
2016-06-16,1733.48
2016-06-17,1754.45
2016-06-20,1793.83
2016-06-21,1802.61
2016-06-22,1823.03
2016-06-23,1853.71
2016-06-24,1769.67
2016-06-27,1732.19
2016-06-28,1751.81
2016-06-29,1756.2
2016-06-30,1750.69
2016-07-01,1744.56
2016-07-04,1724.5
2016-07-05,1715.95
2016-07-06,1689.92
2016-07-07,1713.51
2016-07-08,1705.43
2016-07-11,1745.43
2016-07-12,1754.38
2016-07-13,1744.15
2016-07-14,1745.34
2016-07-15,1759.41
2016-07-18,1788.12
2016-07-19,1792.47
2016-07-20,1800.41
2016-07-21,1803.68
2016-07-22,1792.97
2016-07-25,1814.75
2016-07-26,1803.96
2016-07-27,1797.63
2016-07-28,1788.51
2016-07-29,1759.74
2016-08-01,1762.12
2016-08-02,1803.63
2016-08-03,1790.09
2016-08-04,1820.24
2016-08-05,1825.45
2016-08-08,1837.05
2016-08-09,1847.15
2016-08-10,1852.54
2016-08-11,1864.7
2016-08-12,1857.7
2016-08-16,1846.86
2016-08-17,1824.4
2016-08-18,1821.01
2016-08-19,1800.17
2016-08-22,1800.34
2016-08-23,1790.6
2016-08-24,1786.32
2016-08-25,1781.68
2016-08-26,1775.9
2016-08-29,1777.35
2016-08-30,1798.23
2016-08-31,1793.56
2016-09-01,1761.68
2016-09-02,1767.55
2016-09-05,1788.02
2016-09-06,1790.83
2016-09-07,1810.02
2016-09-08,1793.48
2016-09-09,1754.12
2016-09-12,1731.37
2016-09-13,1727.69
2016-09-14,1736.68
2016-09-15,1745.97
2016-09-16,1734.26
2016-09-19,1749.78
2016-09-20,1755.59
2016-09-21,1758.47
2016-09-22,1776.22
2016-09-23,1762.48
2016-09-26,1740.05
2016-09-27,1732.81
2016-09-28,1734.59
2016-09-29,1730.45
2016-09-30,1709.51
2016-10-03,1725.44
2016-10-04,1754.04
2016-10-05,1762.23
2016-10-06,1761.9
2016-10-07,1751.72
2016-10-10,1765.95
2016-10-11,1757.04
2016-10-12,1760.43
2016-10-13,1727.55
2016-10-14,1719.64
2016-10-17,1714.2
2016-10-18,1721.21
2016-10-19,1744.53
2016-10-20,1748.99
2016-10-21,1752.25
2016-10-24,1782.79
2016-10-25,1785.59
2016-10-26,1779.73
2016-10-27,1795.33
2016-10-28,1817.79
2016-10-31,1814.66
2016-11-02,1765.62
2016-11-03,1767.37
2016-11-04,1758.22
2016-11-07,1761.79
2016-11-08,1783.22
2016-11-09,1790.66
2016-11-10,1796.75
2016-11-14,1753.86
2016-11-15,1754.02
2016-11-16,1758.54
2016-11-17,1742.39
2016-11-18,1725.74
2016-11-21,1756.35
2016-11-22,1775.66
2016-11-23,1796.63
2016-11-24,1807.27
2016-11-25,1796.3
2016-11-28,1776.3
2016-11-29,1780.04
2016-11-30,1798.22
2016-12-01,1783.94
2016-12-02,1783.57
2016-12-05,1845.66
2016-12-06,1876.56
2016-12-07,1889.51
2016-12-08,1921.08
2016-12-09,1899.76
2016-12-12,1882.58
2016-12-13,1919.49
2016-12-14,1934.87
2016-12-15,1911.16
2016-12-16,1918.54
2016-12-19,1924.67
2016-12-20,1940.46
2016-12-21,1927.9
2016-12-22,1943.73
2016-12-23,1933.6
2016-12-27,1936.72
2016-12-28,1932.75
2016-12-29,1946.32
2016-12-30,1947.92
2017-01-02,1956.72
2017-01-03,1989.64
2017-01-04,1999.93
2017-01-05,1998.76
2017-01-09,2009.19
2017-01-10,2023.64
2017-01-11,2030.64
2017-01-12,2022.95
2017-01-13,2015.89
2017-01-16,2025.25
2017-01-17,2015.28
2017-01-18,2005.65
2017-01-19,2015.47
2017-01-20,2006.01
2017-01-23,1991.36
2017-01-24,2013.17
2017-01-25,2079.15
2017-01-26,2080.4
2017-01-27,2084.05
2017-01-30,2051.49
2017-01-31,2056.83
2017-02-01,2079.1
2017-02-02,2065.14
2017-02-03,2076.12
2017-02-06,2089.61
2017-02-07,2086.54
2017-02-08,2083.65
2017-02-09,2132.4
2017-02-10,2154.79
2017-02-13,2179.66
2017-02-14,2173.76
2017-02-15,2184.33
2017-02-16,2215.36
2017-02-17,2188.3
2017-02-20,2192.79
2017-02-21,2248.52
2017-02-22,2251.02
2017-02-23,2256.01
2017-02-24,2212.04
2017-02-27,2210.26
2017-02-28,2191.25
2017-03-01,2253.96
2017-03-02,2254.51
2017-03-03,2232.98
2017-03-06,2217.41
2017-03-07,2200.98
2017-03-08,2213.24
2017-03-09,2189.66
2017-03-10,2200.03
2017-03-13,2242.55
2017-03-14,2238.38
2017-03-15,2229.87
2017-03-16,2283.7
2017-03-17,2296.97
2017-03-20,2281.45
2017-03-21,2252.57
2017-03-22,2223.84
2017-03-23,2235.33
2017-03-24,2234.82
2017-03-27,2201.88
2017-03-28,2225.41
2017-03-29,2214.45
2017-03-30,2209.1
2017-03-31,2175.96
2017-04-03,2219.88
2017-04-04,2239.3
2017-04-05,2253.64
2017-04-06,2254.47
2017-04-07,2248.33
2017-04-10,2244.02
2017-04-11,2221.82
2017-04-12,2214.06
2017-04-13,2233.63
2017-04-18,2237.36
2017-04-19,2274.69
2017-04-20,2285.82
2017-04-21,2264.07
2017-04-24,2296.9
2017-04-25,2353.17
2017-04-26,2383.97
2017-04-27,2382.78
2017-04-28,2376.87
2017-05-02,2392.09
2017-05-04,2381
2017-05-05,2382.17
2017-05-08,2374.23
2017-05-09,2413.53
2017-05-10,2380.25
2017-05-11,2364.93
2017-05-12,2368.5
2017-05-15,2377.15
2017-05-16,2340.34
2017-05-17,2302.21
2017-05-18,2295.14
2017-05-19,2328.7
2017-05-22,2343.13
2017-05-23,2307.84
2017-05-24,2324.99
2017-05-25,2358.41
2017-05-26,2326.28
2017-05-29,2323.58
2017-05-30,2292.27
2017-05-31,2281.18
2017-06-01,2278.26
2017-06-02,2303.21
2017-06-05,2276.01
2017-06-06,2303.68
2017-06-07,2308.64
2017-06-08,2340.23
2017-06-09,2330.72
2017-06-12,2295.01
2017-06-13,2302.41
2017-06-14,2295.99
2017-06-16,2304.5
2017-06-19,2334.27
2017-06-20,2302.83
2017-06-21,2319.13
2017-06-22,2308.16
2017-06-23,2304.48
2017-06-26,2337.69
2017-06-27,2345.05
2017-06-28,2327.68
2017-06-29,2329.26
2017-06-30,2299.8
2017-07-03,2323.74
2017-07-04,2294.27
2017-07-05,2307.49
2017-07-06,2300.74
2017-07-07,2295.82
2017-07-10,2300.66
2017-07-11,2297.73
2017-07-12,2341.54
2017-07-13,2350.83
2017-07-14,2350.43
2017-07-17,2372.17
2017-07-18,2360.75
2017-07-19,2374.31
2017-07-20,2358.5
2017-07-21,2343.1
2017-07-24,2334.69
2017-07-25,2341.36
2017-07-26,2360.26
2017-07-27,2350.91
2017-07-28,2360.42
2017-07-31,2374.17
2017-08-01,2386.4
2017-08-02,2366.06
2017-08-03,2365.48
2017-08-04,2380.16
2017-08-07,2388.21
2017-08-08,2425.02
2017-08-09,2408.11
2017-08-10,2382.67
2017-08-11,2371.72
2017-08-14,2376.66
2017-08-16,2381.18
2017-08-17,2353.18
2017-08-18,2359.87
2017-08-21,2377.28
2017-08-22,2387.24
2017-08-23,2391.06
2017-08-24,2456.27
2017-08-25,2471.74
2017-08-28,2531.31
2017-08-29,2497.58
2017-08-30,2524.57
2017-08-31,2516.26
2017-09-01,2527.62
2017-09-04,2519.42
2017-09-05,2517.45
2017-09-06,2512.4
2017-09-07,2491.79
2017-09-08,2483.58
2017-09-11,2513.44
2017-09-12,2505.88
2017-09-13,2500.16
2017-09-14,2507.43
2017-09-15,2498.32
2017-09-18,2501.75
2017-09-19,2502.81
2017-09-20,2499.63
2017-09-21,2468.72
2017-09-22,2480.73
2017-09-25,2453.15
2017-09-26,2443.34
2017-09-27,2433.82
2017-09-28,2427.04
2017-09-29,2453.46
2017-10-02,2469.58
2017-10-03,2469.51
2017-10-04,2444.19
2017-10-05,2463.45
2017-10-06,2479.46
2017-10-09,2499.35
2017-10-10,2516.49
2017-10-11,2551.78
2017-10-12,2537.69
2017-10-13,2528.16
2017-10-16,2534.52
2017-10-17,2514.36
2017-10-18,2502.34
2017-10-19,2467.49
2017-10-20,2465.51
2017-10-23,2473.42
2017-10-24,2448.45
2017-10-25,2449.89
2017-10-26,2456.17
2017-10-27,2488.5
2017-10-30,2517.03
2017-10-31,2524.9
2017-11-02,2501.4
2017-11-03,2494.52
2017-11-06,2515.34
2017-11-07,2536.37
2017-11-08,2513.34
2017-11-09,2478.21
2017-11-10,2457.62
2017-11-13,2454.6
2017-11-14,2464.35
2017-11-15,2418.96
2017-11-16,2411.11
2017-11-17,2443.83
2017-11-20,2468.09
2017-11-21,2489.08
2017-11-22,2489.5
2017-11-23,2503.93
2017-11-24,2479.25
2017-11-27,2497.15
2017-11-28,2485.71
2017-11-29,2436.24
2017-11-30,2408.69
2017-12-01,2389.92
2017-12-04,2404.15
2017-12-05,2407.72
2017-12-06,2394.67
2017-12-07,2393.34
2017-12-08,2408.83
2017-12-11,2386.93
2017-12-12,2413.68
2017-12-13,2409.46
2017-12-14,2434.61
2017-12-15,2416.95
2017-12-18,2466.08
2017-12-19,2455.99
2017-12-20,2459.33
2017-12-21,2463.59
2017-12-22,2445.65
2017-12-27,2480.63
2017-12-28,2480.25
2017-12-29,2461.21
2018-01-03,2463.25
2018-01-04,2533.17
2018-01-05,2529.55
2018-01-08,2548.61
2018-01-09,2528.38
2018-01-10,2511.27
2018-01-11,2534.56
2018-01-12,2539.29
2018-01-15,2542.65
2018-01-16,2591.1
2018-01-17,2600.37
2018-01-18,2591.22
2018-01-19,2601.82
2018-01-22,2620.87
2018-01-23,2630.37
2018-01-24,2621.59
2018-01-25,2589.3
2018-01-26,2600.48
2018-01-29,2593.4
2018-01-30,2566.14
2018-01-31,2553.81
2018-02-01,2534.21
2018-02-02,2507.24
2018-02-05,2505.98
2018-02-06,2412.03
2018-02-07,2441.67
2018-02-08,2406.48
2018-02-09,2382.79
2018-02-12,2414.41
2018-02-13,2431.67
2018-02-14,2449.79
2018-02-15,2423.57
2018-02-16,2406.96
2018-02-19,2408.49
2018-02-20,2413.23
2018-02-21,2405.47
2018-02-22,2410.69
2018-02-23,2406.11
2018-02-26,2408.63
2018-02-27,2421.51
2018-02-28,2364.32
2018-03-01,2334.96
2018-03-02,2314.23
2018-03-05,2330.1
2018-03-06,2339.51
2018-03-07,2359.57
2018-03-08,2322.09
2018-03-09,2354.54
2018-03-12,2378.72
2018-03-13,2353.02
2018-03-14,2335.97
2018-03-15,2321.87
2018-03-16,2285.08
2018-03-19,2248.53
2018-03-20,2272.09
2018-03-21,2320.77
2018-03-22,2274.1
2018-03-23,2257.22
2018-03-26,2240.65
2018-03-27,2246.32
2018-03-28,2203.7
2018-03-29,2210.38
2018-04-03,2239.15
2018-04-04,2200.99
2018-04-05,2243.58
2018-04-06,2258.8
2018-04-09,2262.16
2018-04-10,2274.81
2018-04-11,2271.93
2018-04-12,2306.44
2018-04-13,2310.32
2018-04-16,2300.2
2018-04-17,2307.95
2018-04-18,2315.5
2018-04-19,2324.73
2018-04-20,2298.2
2018-04-23,2291.59
2018-04-24,2269.06
2018-04-25,2257
2018-04-26,2283.15
2018-04-27,2276.41
2018-04-30,2291.87
2018-05-02,2291.92
2018-05-04,2233.35
2018-05-07,2214.36
2018-05-08,2236.4
2018-05-09,2281.12
2018-05-10,2302.71
2018-05-11,2329.36
2018-05-14,2321.09
2018-05-15,2276.45
2018-05-16,2275.91
2018-05-17,2255.78
2018-05-18,2230.32
2018-05-21,2268.39
2018-05-22,2248.71
2018-05-23,2209.32
2018-05-24,2213.26
2018-05-25,2213.24
2018-05-28,2217.87
2018-05-29,2191.95
2018-05-30,2157.07
2018-06-01,2190.26
2018-06-04,2210.1
2018-06-05,2255.95
2018-06-06,2256.67
2018-06-07,2270.75
2018-06-08,2250.06
2018-06-11,2234.52
2018-06-12,2252.39
2018-06-13,2238.94
2018-06-14,2238.39
2018-06-15,2203.01
2018-06-18,2150.98
2018-06-19,2120.75
2018-06-20,2154.18
2018-06-21,2150.91
2018-06-22,2162.88
2018-06-25,2155.9
2018-06-26,2153.4
2018-06-27,2143.25
2018-06-28,2098.75
2018-06-29,2135.47
2018-07-02,2119.31
2018-07-03,2160.24
2018-07-04,2182.51
2018-07-05,2156.59
2018-07-06,2152.06
2018-07-09,2151.7
2018-07-10,2177.67
2018-07-11,2154.28
2018-07-12,2161.2
2018-07-13,2157.14
2018-07-16,2133.98
2018-07-17,2153.21
2018-07-18,2149.12
2018-07-19,2146.82
2018-07-20,2182.92
2018-07-23,2204.53
2018-07-24,2244.27
2018-07-25,2260.7
2018-07-26,2304.67
2018-07-27,2290.77
2018-07-30,2327.77
2018-07-31,2302.13
2018-08-01,2315.48
2018-08-02,2283.94
2018-08-03,2286.92
2018-08-06,2295.82
2018-08-07,2304.11
2018-08-08,2307.12
2018-08-09,2324.73
2018-08-10,2247.15
2018-08-13,2260.88
2018-08-14,2272.73
2018-08-16,2262.1
2018-08-17,2217.74
2018-08-20,2236.08
2018-08-21,2281.02
2018-08-22,2295.63
2018-08-23,2322.86
2018-08-24,2312.7
2018-08-27,2369.97
2018-08-28,2390.42
2018-08-29,2380.68
2018-08-30,2353.92
2018-08-31,2337.96
2018-09-03,2355.67
2018-09-04,2321.24
2018-09-05,2295.51
2018-09-06,2293.01
2018-09-07,2257.3
2018-09-10,2270.83
2018-09-11,2248.35
2018-09-12,2210.16
2018-09-13,2233.46
2018-09-14,2232.07
2018-09-17,2210.99
2018-09-18,2231.04
2018-09-19,2259.1
2018-09-20,2258.63
2018-09-21,2257.47
2018-09-24,2280.6
2018-09-25,2290.19
2018-09-26,2304.45
2018-09-27,2315.07
2018-09-28,2285.11
2018-10-01,2284.01
2018-10-02,2280.04
2018-10-03,2298.2
2018-10-04,2275.65
2018-10-05,2264.2
2018-10-08,2224.13
2018-10-09,2251.32
2018-10-10,2197.34
2018-10-11,2159.88
2018-10-12,2186.62
2018-10-15,2170.05
2018-10-16,2216.8
2018-10-17,2199.53
2018-10-18,2188.1
2018-10-19,2196.99
2018-10-22,2193.08
2018-10-23,2147.81
2018-10-24,2144.4
2018-10-25,2142.69
2018-10-26,2082.77
2018-10-29,2103.72
2018-10-30,2122.73
2018-10-31,2151.88
2018-11-02,2197.68
2018-11-05,2233.74
2018-11-06,2230.34
2018-11-07,2276.65
2018-11-08,2262.84
2018-11-09,2232.25
2018-11-13,2217.97
2018-11-14,2231.9
2018-11-15,2202.91
2018-11-16,2165.46
2018-11-19,2189.73
2018-11-20,2160.57
2018-11-21,2219.62
2018-11-22,2236.35
2018-11-23,2225.39
2018-11-26,2213.57
2018-11-27,2222.85
2018-11-28,2264.51
2018-11-29,2303.37
2018-11-30,2291.08
2018-12-03,2329.37
2018-12-04,2344.91
2018-12-05,2354.54
2018-12-06,2294.34
2018-12-07,2281.54
2018-12-10,2242.1
2018-12-11,2221.37
2018-12-12,2275.15
2018-12-13,2310.66
2018-12-14,2303.41
2018-12-17,2281.87
2018-12-18,2315.18
2018-12-19,2342.81
2018-12-20,2306.68
2018-12-21,2259.77
2018-12-27,2251.38
2018-12-28,2276.63
