date,NYSE
2018-12-31,11374.39
2018-12-28,11290.95
2018-12-27,11285.31
2018-12-26,11204.09
2018-12-24,10769.83
2018-12-21,11036.84
2018-12-20,11222.79
2018-12-19,11371.84
2018-12-18,11502.16
2018-12-17,11532.12
2018-12-14,11755.38
2018-12-13,11936.16
2018-12-12,11943.29
2018-12-11,11860.65
2018-12-10,11889.29
2018-12-07,11941.93
2018-12-06,12144.41
2018-12-04,12221.98
2018-12-03,12577.54
2018-11-30,12457.55
2018-11-29,12389.37
2018-11-28,12417.63
2018-11-27,12188.07
2018-11-26,12181.6
2018-11-23,12036.24
2018-11-21,12123.34
2018-11-20,12048.66
2018-11-19,12280.91
2018-11-16,12400.28
2018-11-15,12361.52
2018-11-14,12275.49
2018-11-13,12328.3
2018-11-12,12343.51
2018-11-09,12537.53
2018-11-08,12622.04
2018-11-07,12679.1
2018-11-06,12480.06
2018-11-05,12424.31
2018-11-02,12321.8
2018-11-01,12356.5
2018-10-31,12208.06
2018-10-30,12129.94
2018-10-29,11942.51
2018-10-26,11976.95
2018-10-25,12118.85
2018-10-24,11969.74
2018-10-23,12287.44
2018-10-22,12374.76
2018-10-19,12457.27
2018-10-18,12445.48
2018-10-17,12613.05
2018-10-16,12645.95
2018-10-15,12425.68
2018-10-12,12439.42
2018-10-11,12349.53
2018-10-10,12622.13
2018-10-09,12960.45
2018-10-08,13000.14
2018-10-05,12991.95
2018-10-04,13042.3
2018-10-03,13118.55
2018-10-02,13106.01
2018-10-01,13125.35
2018-09-28,13082.52
2018-09-27,13105.72
2018-09-26,13101.96
2018-09-25,13160.6
2018-09-24,13162.05
2018-09-21,13236.44
2018-09-20,13225.11
2018-09-19,13121.97
2018-09-18,13091.98
2018-09-17,13031.91
2018-09-14,13050.52
2018-09-13,13034.61
2018-09-12,12990.1
2018-09-11,12952.3
2018-09-10,12928.67
2018-09-07,12911.12
2018-09-06,12938.91
2018-09-05,12968.55
2018-09-04,12969.86
2018-08-31,13016.89
2018-08-30,13039.93
2018-08-29,13132.16
2018-08-28,13084.8
2018-08-27,13102.03
2018-08-24,12999.44
2018-08-23,12933.46
2018-08-22,12990.51
2018-08-21,12996.76
2018-08-20,12965.1
2018-08-17,12908.26
2018-08-16,12841.28
2018-08-15,12723.09
2018-08-14,12835.31
2018-08-13,12763.66
2018-08-10,12843.49
2018-08-09,12956.66
2018-08-08,12987.91
2018-08-07,12999.59
2018-08-06,12964.27
2018-08-03,12953.34
2018-08-02,12898.07
2018-08-01,12902.39
2018-07-31,12963.28
2018-07-30,12903.43
2018-07-27,12921.34
2018-07-26,12953.39
2018-07-25,12933.63
2018-07-24,12847.49
2018-07-23,12794.05
2018-07-20,12789.91
2018-07-19,12786.48
2018-07-18,12823.23
2018-07-17,12779.22
2018-07-16,12748.78
2018-07-13,12769.5
2018-07-12,12761.46
2018-07-11,12681.59
2018-07-10,12814.64
2018-07-09,12776.92
2018-07-06,12664.88
2018-07-05,12585.21
2018-07-03,12494.7
2018-07-02,12485.58
2018-06-29,12504.25
2018-06-28,12475.98
2018-06-27,12412.07
2018-06-26,12510.55
2018-06-25,12481.6
2018-06-22,12639.57
2018-06-21,12560.23
2018-06-20,12648.74
2018-06-19,12638.98
2018-06-18,12708.63
2018-06-15,12734.64
2018-06-14,12771.95
2018-06-13,12785.45
2018-06-12,12844.71
2018-06-11,12856.96
2018-06-08,12832.07
2018-06-07,12788.5
2018-06-06,12778.23
2018-06-05,12658.7
2018-06-04,12673.91
2018-06-01,12620.83
2018-05-31,12527.14
2018-05-30,12625.87
2018-05-29,12442.69
2018-05-25,12634.94
2018-05-24,12696.69
2018-05-23,12743.4
2018-05-22,12766.65
2018-05-21,12804.01
2018-05-18,12717.42
2018-05-17,12747.83
2018-05-16,12743.8
2018-05-15,12704.63
2018-05-14,12772.03
2018-05-11,12761.82
2018-05-10,12731.64
2018-05-09,12632.49
2018-05-08,12520.24
2018-05-07,12519.75
2018-05-04,12493.35
2018-05-03,12392.5
2018-05-02,12418.07
2018-05-01,12493.02
2018-04-30,12515.36
2018-04-27,12594.02
2018-04-26,12582.9
2018-04-25,12517.86
2018-04-24,12514.0
2018-04-23,12610.77
2018-04-20,12607.16
2018-04-19,12671.48
2018-04-18,12732.85
2018-04-17,12705.76
2018-04-16,12628.21
2018-04-13,12546.05
2018-04-12,12580.22
2018-04-11,12514.59
2018-04-10,12565.97
2018-04-09,12380.55
2018-04-06,12349.11
2018-04-05,12571.94
2018-04-04,12466.45
2018-04-03,12367.07
2018-04-02,12216.71
2018-03-29,12452.06
2018-03-28,12308.9
2018-03-27,12302.54
2018-03-26,12433.15
2018-03-23,12177.7
2018-03-22,12377.39
2018-03-21,12683.76
2018-03-20,12663.64
2018-03-19,12651.46
2018-03-16,12784.39
2018-03-15,12743.61
2018-03-14,12762.67
2018-03-13,12831.75
2018-03-12,12898.4
2018-03-09,12918.82
2018-03-08,12745.01
2018-03-07,12707.01
2018-03-06,12720.77
2018-03-05,12680.73
2018-03-02,12557.99
2018-03-01,12518.73
2018-02-28,12652.55
2018-02-27,12819.22
2018-02-26,12999.62
2018-02-23,12884.11
2018-02-22,12711.75
2018-02-21,12695.52
2018-02-20,12763.34
2018-02-16,12874.36
2018-02-15,12856.87
2018-02-14,12746.72
2018-02-13,12574.37
2018-02-12,12560.12
2018-02-09,12405.82
2018-02-08,12270.65
2018-02-07,12687.18
2018-02-06,12745.45
2018-02-05,12572.93
2018-02-02,13085.35
2018-02-01,13381.97
2018-01-31,13367.96
2018-01-30,13375.51
2018-01-29,13524.65
2018-01-26,13637.02
2018-01-25,13512.66
2018-01-24,13507.66
2018-01-23,13474.11
2018-01-22,13470.37
2018-01-19,13384.46
2018-01-18,13315.91
2018-01-17,13352.39
2018-01-16,13246.86
2018-01-12,13294.34
2018-01-11,13210.77
2018-01-10,13106.6
2018-01-09,13120.84
2018-01-08,13114.35
2018-01-05,13103.23
2018-01-04,13028.46
2018-01-03,12957.28
2018-01-02,12902.72
2017-12-29,12808.84
2017-12-28,12853.09
2017-12-27,12821.98
2017-12-26,12808.9
2017-12-22,12797.44
2017-12-21,12800.21
2017-12-20,12747.55
2017-12-19,12747.54
2017-12-18,12785.82
2017-12-15,12699.68
2017-12-14,12629.07
2017-12-13,12699.48
2017-12-12,12697.78
2017-12-11,12668.22
2017-12-08,12643.06
2017-12-07,12568.98
2017-12-06,12532.43
2017-12-05,12567.16
2017-12-04,12634.89
2017-12-01,12614.56
2017-11-30,12627.8
2017-11-29,12561.32
2017-11-28,12520.23
2017-11-27,12390.78
2017-11-24,12421.93
2017-11-22,12390.82
2017-11-21,12385.88
2017-11-20,12320.77
2017-11-17,12302.89
2017-11-16,12303.28
2017-11-15,12220.34
2017-11-14,12280.11
2017-11-13,12316.82
2017-11-10,12322.6
2017-11-09,12339.66
2017-11-08,12384.72
2017-11-07,12371.25
2017-11-06,12400.93
2017-11-03,12373.06
2017-11-02,12372.96
2017-11-01,12362.88
2017-10-31,12341.01
2017-10-30,12319.47
2017-10-27,12366.43
2017-10-26,12352.43
2017-10-25,12336.58
2017-10-24,12404.99
2017-10-23,12384.42
2017-10-20,12430.52
2017-10-19,12380.32
2017-10-18,12371.02
2017-10-17,12349.97
2017-10-16,12359.52
2017-10-13,12352.0
2017-10-12,12338.74
2017-10-11,12362.06
2017-10-10,12346.59
2017-10-09,12293.95
2017-10-06,12317.69
2017-10-05,12338.93
2017-10-04,12304.67
2017-10-03,12302.88
2017-10-02,12264.66
2017-09-29,12209.16
2017-09-28,12179.31
2017-09-27,12157.65
2017-09-26,12127.92
2017-09-25,12141.56
2017-09-22,12151.8
2017-09-21,12133.62
2017-09-20,12147.5
2017-09-19,12131.73
2017-09-18,12111.45
2017-09-15,12080.14
2017-09-14,12062.62
2017-09-13,12055.18
2017-09-12,12057.12
2017-09-11,12010.27
2017-09-08,11887.98
2017-09-07,11879.61
2017-09-06,11872.92
2017-09-05,11827.15
2017-09-01,11918.08
2017-08-31,11875.69
2017-08-30,11805.07
2017-08-29,11791.88
2017-08-28,11800.22
2017-08-25,11812.03
2017-08-24,11773.8
2017-08-23,11785.92
2017-08-22,11805.29
2017-08-21,11719.27
2017-08-18,11699.83
2017-08-17,11712.72
2017-08-16,11868.85
2017-08-15,11843.48
2017-08-14,11856.06
2017-08-11,11763.21
2017-08-10,11771.6
2017-08-09,11929.46
2017-08-08,11949.97
2017-08-07,11987.77
2017-08-04,11984.89
2017-08-03,11956.52
2017-08-02,11979.37
2017-08-01,12000.02
2017-07-31,11967.67
2017-07-28,11954.69
2017-07-27,11963.23
2017-07-26,11964.91
2017-07-25,11965.72
2017-07-24,11904.71
2017-07-21,11924.6
2017-07-20,11944.49
2017-07-19,11941.34
2017-07-18,11877.42
2017-07-17,11890.51
2017-07-14,11897.31
2017-07-13,11844.62
2017-07-12,11825.9
2017-07-11,11744.77
2017-07-10,11751.79
2017-07-07,11752.98
2017-07-06,11702.43
2017-07-05,11809.49
2017-07-03,11835.72
2017-06-30,11761.7
2017-06-29,11739.98
2017-06-28,11812.8
2017-06-27,11716.92
2017-06-26,11758.86
2017-06-23,11733.2
2017-06-22,11712.52
2017-06-21,11696.28
2017-06-20,11738.95
2017-06-19,11833.34
2017-06-16,11772.02
2017-06-15,11740.52
2017-06-14,11779.81
2017-06-13,11796.79
2017-06-12,11746.46
2017-06-09,11744.73
2017-06-08,11678.95
2017-06-07,11667.73
2017-06-06,11671.46
2017-06-05,11693.68
2017-06-02,11718.7
2017-06-01,11699.79
2017-05-31,11598.03
2017-05-30,11601.31
2017-05-26,11631.87
2017-05-25,11639.3
2017-05-24,11621.23
2017-05-23,11604.62
2017-05-22,11585.21
2017-05-19,11542.69
2017-05-18,11434.06
2017-05-17,11423.53
2017-05-16,11606.49
2017-05-15,11614.23
2017-05-12,11547.05
2017-05-11,11563.6
2017-05-10,11598.99
2017-05-09,11567.52
2017-05-08,11595.26
2017-05-05,11615.61
2017-05-04,11534.71
2017-05-03,11529.66
2017-05-02,11551.3
2017-05-01,11536.49
2017-04-28,11536.08
2017-04-27,11578.52
2017-04-26,11592.91
2017-04-25,11603.28
2017-04-24,11531.79
2017-04-21,11389.13
2017-04-20,11426.91
2017-04-19,11342.42
2017-04-18,11378.58
2017-04-17,11427.08
2017-04-13,11324.53
2017-04-12,11423.17
2017-04-11,11473.62
2017-04-10,11464.34
2017-04-07,11445.58
2017-04-06,11457.29
2017-04-05,11423.36
2017-04-04,11470.53
2017-04-03,11463.91
2017-03-31,11492.85
2017-03-30,11519.84
2017-03-29,11496.67
2017-03-28,11493.84
2017-03-27,11414.33
2017-03-24,11418.89
2017-03-23,11430.89
2017-03-22,11426.69
2017-03-21,11420.43
2017-03-20,11556.93
2017-03-17,11589.01
2017-03-16,11600.23
2017-03-15,11590.31
2017-03-14,11459.29
2017-03-13,11519.44
2017-03-10,11500.76
2017-03-09,11457.64
2017-03-08,11448.21
2017-03-07,11506.32
2017-03-06,11547.79
2017-03-03,11598.37
2017-03-02,11575.91
2017-03-01,11661.22
2017-02-28,11512.39
2017-02-27,11558.35
2017-02-24,11541.29
2017-02-23,11556.15
2017-02-22,11550.18
2017-02-21,11578.25
2017-02-17,11510.91
2017-02-16,11504.19
2017-02-15,11514.4
2017-02-14,11468.87
2017-02-13,11433.93
2017-02-10,11377.72
2017-02-09,11327.68
2017-02-08,11251.8
2017-02-07,11243.38
2017-02-06,11264.11
2017-02-03,11310.74
2017-02-02,11215.39
2017-02-01,11207.24
2017-01-31,11222.96
2017-01-30,11205.24
2017-01-27,11283.19
2017-01-26,11313.12
2017-01-25,11339.05
2017-01-24,11249.28
2017-01-23,11170.62
2017-01-20,11192.79
2017-01-19,11148.85
2017-01-18,11196.1
2017-01-17,11196.29
2017-01-13,11227.17
2017-01-12,11204.15
2017-01-11,11226.78
2017-01-10,11183.33
2017-01-09,11169.79
2017-01-06,11237.62
2017-01-05,11247.69
2017-01-04,11246.54
2017-01-03,11154.35
2016-12-30,11056.89
2016-12-29,11074.33
2016-12-28,11058.88
2016-12-27,11146.4
2016-12-23,11128.8
2016-12-22,11114.14
2016-12-21,11142.57
2016-12-20,11172.19
2016-12-19,11128.54
2016-12-16,11125.22
2016-12-15,11131.89
2016-12-14,11098.67
2016-12-13,11237.17
2016-12-12,11177.28
2016-12-09,11191.79
2016-12-08,11149.96
2016-12-07,11114.61
2016-12-06,10970.78
2016-12-05,10910.9
2016-12-02,10838.58
2016-12-01,10828.99
2016-11-30,10838.46
2016-11-29,10817.7
2016-11-28,10808.63
2016-11-25,10878.09
2016-11-23,10835.9
2016-11-22,10820.18
2016-11-21,10791.84
2016-11-18,10709.51
2016-11-17,10740.08
2016-11-16,10699.43
2016-11-15,10745.51
2016-11-14,10679.77
2016-11-11,10652.24
2016-11-10,10683.41
2016-11-09,10643.41
2016-11-08,10530.56
2016-11-07,10500.16
2016-11-04,10289.35
2016-11-03,10307.64
2016-11-02,10334.5
2016-11-01,10414.05
2016-10-31,10481.89
2016-10-28,10476.62
2016-10-27,10503.06
2016-10-26,10528.19
2016-10-25,10550.19
2016-10-24,10591.3
2016-10-21,10571.88
2016-10-20,10597.36
2016-10-19,10600.92
2016-10-18,10567.81
2016-10-17,10492.86
2016-10-14,10521.3
2016-10-13,10522.94
2016-10-12,10560.27
2016-10-11,10548.0
2016-10-10,10682.67
2016-10-07,10626.92
2016-10-06,10675.74
2016-10-05,10683.94
2016-10-04,10629.15
2016-10-03,10690.77
2016-09-30,10721.74
2016-09-29,10643.52
2016-09-28,10753.45
2016-09-27,10665.34
2016-09-26,10624.88
2016-09-23,10717.99
2016-09-22,10793.66
2016-09-21,10708.37
2016-09-20,10560.26
2016-09-19,10564.3
2016-09-16,10532.27
2016-09-15,10602.94
2016-09-14,10511.4
2016-09-13,10535.36
2016-09-12,10741.24
2016-09-09,10613.53
2016-09-08,10882.33
2016-09-07,10890.18
2016-09-06,10890.79
2016-09-02,10856.92
2016-09-01,10771.93
2016-08-31,10764.75
2016-08-30,10797.54
2016-08-29,10811.35
2016-08-26,10749.33
2016-08-25,10784.37
2016-08-24,10791.18
2016-08-23,10847.49
2016-08-22,10815.92
2016-08-19,10829.15
2016-08-18,10863.01
2016-08-17,10824.64
2016-08-16,10809.74
2016-08-15,10858.5
2016-08-12,10822.41
2016-08-11,10836.15
2016-08-10,10774.98
2016-08-09,10804.51
2016-08-08,10788.01
2016-08-05,10782.87
2016-08-04,10707.13
2016-08-03,10695.14
2016-08-02,10661.13
2016-08-01,10730.2
2016-07-29,10785.51
2016-07-28,10744.16
2016-07-27,10739.77
2016-07-26,10772.99
2016-07-25,10752.43
2016-07-22,10805.04
2016-07-21,10758.62
2016-07-20,10793.1
2016-07-19,10758.54
2016-07-18,10793.17
2016-07-15,10773.12
2016-07-14,10786.63
2016-07-13,10734.2
2016-07-12,10726.79
2016-07-11,10627.2
2016-07-08,10571.78
2016-07-07,10413.97
2016-07-06,10441.58
2016-07-05,10409.54
2016-07-01,10515.76
2016-06-30,10489.76
2016-06-29,10350.53
2016-06-28,10161.16
2016-06-27,9973.54
2016-06-24,10183.51
2016-06-23,10641.17
2016-06-22,10473.06
2016-06-21,10490.78
2016-06-20,10450.03
2016-06-17,10347.94
2016-06-16,10322.84
2016-06-15,10297.16
2016-06-14,10294.59
2016-06-13,10349.18
2016-06-10,10446.1
2016-06-09,10589.82
2016-06-08,10638.36
2016-06-07,10599.22
2016-06-06,10554.82
2016-06-03,10487.94
2016-06-02,10487.58
2016-06-01,10454.93
2016-05-31,10441.0
2016-05-27,10469.52
2016-05-26,10439.61
2016-05-25,10446.59
2016-05-24,10353.56
2016-05-23,10226.56
2016-05-20,10250.49
2016-05-19,10192.48
2016-05-18,10239.65
2016-05-17,10257.61
2016-05-16,10332.47
2016-05-13,10228.06
2016-05-12,10334.38
2016-05-11,10332.24
2016-05-10,10424.11
2016-05-09,10291.59
2016-05-06,10308.83
2016-05-05,10281.32
2016-05-04,10286.24
2016-05-03,10365.83
2016-05-02,10496.33
2016-04-29,10436.92
2016-04-28,10480.45
2016-04-27,10571.83
2016-04-26,10522.58
2016-04-25,10465.65
2016-04-22,10511.0
2016-04-21,10454.82
2016-04-20,10527.79
2016-04-19,10517.3
2016-04-18,10424.93
2016-04-15,10355.57
2016-04-14,10360.24
2016-04-13,10359.51
2016-04-12,10238.69
2016-04-11,10114.58
2016-04-08,10119.69
2016-04-07,10045.15
2016-04-06,10159.85
2016-04-05,10061.08
2016-04-04,10183.0
2016-04-01,10219.96
2016-03-31,10207.37
2016-03-30,10236.95
2016-03-29,10190.41
2016-03-28,10106.44
2016-03-24,10086.6
2016-03-23,10099.68
2016-03-22,10194.2
2016-03-21,10219.69
2016-03-18,10223.43
2016-03-17,10190.4
2016-03-16,10084.17
2016-03-15,10013.6
2016-03-14,10074.27
2016-03-11,10104.19
2016-03-10,9918.07
2016-03-09,9924.81
2016-03-08,9868.52
2016-03-07,10006.19
2016-03-04,9968.41
2016-03-03,9907.97
2016-03-02,9837.59
2016-03-01,9771.0
2016-02-29,9559.53
2016-02-26,9619.79
2016-02-25,9625.27
2016-02-24,9506.07
2016-02-23,9494.32
2016-02-22,9616.32
2016-02-19,9485.96
2016-02-18,9504.98
2016-02-17,9532.28
2016-02-16,9375.39
2016-02-12,9229.68
2016-02-11,9029.88
2016-02-10,9176.72
2016-02-09,9187.79
2016-02-08,9231.33
2016-02-05,9390.33
2016-02-04,9534.3
2016-02-03,9495.21
2016-02-02,9413.78
2016-02-01,9616.69
2016-01-29,9632.7
2016-01-28,9397.79
2016-01-27,9373.78
2016-01-26,9429.11
2016-01-25,9262.99
2016-01-22,9426.91
2016-01-21,9226.57
2016-01-20,9156.84
2016-01-19,9301.74
2016-01-15,9299.62
2016-01-14,9516.55
2016-01-13,9374.23
2016-01-12,9576.52
2016-01-11,9527.66
2016-01-08,9528.77
2016-01-07,9650.42
2016-01-06,9868.26
2016-01-05,10028.06
2016-01-04,10001.56
2015-12-31,10143.42
2015-12-30,10225.83
2015-12-29,10306.6
2015-12-28,10217.4
2015-12-24,10258.55
2015-12-23,10276.28
2015-12-22,10112.4
2015-12-21,10023.03
2015-12-18,9967.64
2015-12-17,10112.63
2015-12-16,10267.83
2015-12-15,10110.94
2015-12-14,9986.76
2015-12-11,9976.65
2015-12-10,10172.04
2015-12-09,10162.37
2015-12-08,10198.37
2015-12-07,10304.53
2015-12-04,10408.86
2015-12-03,10257.38
2015-12-02,10389.2
2015-12-01,10519.59
2015-11-30,10409.58
2015-11-27,10450.53
2015-11-25,10450.36
2015-11-24,10449.72
2015-11-23,10421.41
2015-11-20,10444.2
2015-11-19,10431.46
2015-11-18,10429.6
2015-11-17,10285.76
2015-11-16,10299.4
2015-11-13,10155.07
2015-11-12,10235.95
2015-11-11,10399.9
2015-11-10,10432.35
2015-11-09,10415.19
2015-11-06,10513.36
2015-11-05,10548.36
2015-11-04,10563.96
2015-11-03,10609.92
2015-11-02,10579.87
2015-10-30,10460.96
2015-10-29,10498.16
2015-10-28,10538.2
2015-10-27,10400.18
2015-10-26,10464.62
2015-10-23,10506.51
2015-10-22,10448.83
2015-10-21,10306.44
2015-10-20,10383.42
2015-10-19,10391.6
2015-10-16,10421.91
2015-10-15,10378.27
2015-10-14,10229.67
2015-10-13,10262.94
2015-10-12,10356.49
2015-10-09,10361.26
2015-10-08,10361.04
2015-10-07,10258.52
2015-10-06,10156.38
2015-10-05,10167.93
2015-10-02,9973.56
2015-10-01,9820.95
2015-09-30,9799.69
2015-09-29,9622.07
2015-09-28,9601.42
2015-09-25,9857.25
2015-09-24,9837.81
2015-09-23,9867.9
2015-09-22,9912.6
2015-09-21,10066.07
2015-09-18,10031.6
2015-09-17,10215.54
2015-09-16,10236.72
2015-09-15,10105.87
2015-09-14,9988.59
2015-09-11,10040.22
2015-09-10,10019.39
2015-09-09,9988.91
2015-09-08,10109.68
2015-09-04,9871.86
2015-09-03,10049.29
2015-09-02,10013.36
2015-09-01,9874.67
2015-08-31,10176.5
2015-08-28,10242.06
2015-08-27,10230.51
2015-08-26,9979.67
2015-08-25,9692.39
2015-08-24,9789.94
2015-08-21,10195.69
2015-08-20,10475.75
2015-08-19,10687.03
2015-08-18,10792.8
2015-08-17,10818.57
2015-08-14,10782.24
2015-08-13,10745.31
2015-08-12,10779.46
2015-08-11,10802.09
2015-08-10,10906.05
2015-08-07,10763.15
2015-08-06,10799.44
2015-08-05,10847.85
2015-08-04,10824.7
2015-08-03,10841.26
2015-07-31,10882.28
2015-07-30,10881.75
2015-07-29,10883.91
2015-07-28,10790.18
2015-07-27,10656.61
2015-07-24,10721.95
2015-07-23,10840.73
2015-07-22,10899.86
2015-07-21,10919.0
2015-07-20,10969.49
2015-07-17,10987.17
2015-07-16,11024.87
2015-07-15,10958.83
2015-07-14,10993.26
2015-07-13,10944.85
2015-07-10,10853.92
2015-07-09,10689.51
2015-07-08,10636.8
2015-07-07,10829.32
2015-07-06,10782.68
2015-07-02,10864.82
2015-07-01,10858.99
2015-06-30,10805.2
2015-06-29,10790.33
2015-06-26,11040.31
2015-06-25,11035.73
2015-06-24,11066.14
2015-06-23,11149.36
2015-06-22,11129.61
2015-06-19,11038.96
2015-06-18,11100.47
2015-06-17,11013.66
2015-06-16,10997.66
2015-06-15,10949.54
2015-06-12,11009.91
2015-06-11,11080.51
2015-06-10,11057.99
2015-06-09,10915.64
2015-06-08,10917.82
2015-06-05,10979.33
2015-06-04,11000.39
2015-06-03,11107.93
2015-06-02,11080.89
2015-06-01,11061.68
2015-05-29,11056.3
2015-05-28,11132.74
2015-05-27,11143.35
2015-05-26,11065.32
2015-05-22,11197.69
2015-05-21,11239.66
2015-05-20,11210.24
2015-05-19,11213.15
2015-05-18,11227.89
2015-05-15,11228.35
2015-05-14,11207.33
2015-05-13,11117.0
2015-05-12,11113.17
2015-05-11,11140.74
2015-05-08,11196.5
2015-05-07,11036.4
2015-05-06,11015.99
2015-05-05,11049.34
2015-05-04,11173.28
2015-05-01,11140.36
2015-04-30,11049.74
2015-04-29,11154.11
2015-04-28,11203.08
2015-04-27,11167.31
2015-04-24,11192.93
2015-04-23,11191.48
2015-04-22,11144.45
2015-04-21,11100.38
2015-04-20,11116.57
2015-04-17,11058.45
2015-04-16,11169.75
2015-04-15,11171.06
2015-04-14,11108.07
2015-04-13,11056.76
2015-04-10,11112.68
2015-04-09,11065.39
2015-04-08,11032.99
2015-04-07,11013.24
2015-04-06,11033.12
2015-04-02,10953.16
2015-04-01,10891.61
2015-03-31,10899.19
2015-03-30,10989.16
2015-03-27,10875.14
2015-03-26,10865.15
2015-03-25,10897.51
2015-03-24,11019.75
2015-03-23,11070.89
2015-03-20,11070.53
2015-03-19,10931.36
2015-03-18,11019.72
2015-03-17,10862.43
2015-03-16,10881.18
2015-03-13,10751.02
2015-03-12,10820.87
2015-03-11,10678.76
2015-03-10,10678.41
2015-03-09,10866.62
2015-03-06,10842.17
2015-03-05,11014.26
2015-03-04,11004.68
2015-03-03,11051.22
2015-03-02,11102.82
2015-02-27,11062.79
2015-02-26,11082.1
2015-02-25,11117.93
2015-02-24,11122.11
2015-02-23,11074.58
2015-02-20,11108.67
2015-02-19,11038.26
2015-02-18,11064.09
2015-02-17,11054.47
2015-02-13,11042.69
2015-02-12,10995.31
2015-02-11,10889.05
2015-02-10,10915.14
2015-02-09,10826.59
2015-02-06,10847.51
2015-02-05,10896.06
2015-02-04,10775.04
2015-02-03,10847.41
2015-02-02,10669.03
2015-01-30,10537.22
2015-01-29,10691.63
2015-01-28,10603.86
2015-01-27,10781.83
2015-01-26,10847.15
2015-01-23,10788.33
2015-01-22,10859.34
2015-01-21,10720.4
2015-01-20,10658.62
2015-01-16,10660.32
2015-01-15,10514.6
2015-01-14,10565.41
2015-01-13,10622.96
2015-01-12,10640.74
2015-01-09,10711.41
2015-01-08,10800.55
2015-01-07,10627.13
2015-01-06,10514.87
2015-01-05,10607.68
2015-01-02,10830.92
2014-12-31,10839.24
2014-12-30,10932.99
2014-12-29,10988.01
2014-12-26,10985.4
2014-12-24,10955.11
2014-12-23,10951.76
2014-12-22,10919.99
2014-12-19,10890.24
2014-12-18,10831.62
2014-12-17,10603.5
2014-12-16,10390.02
2014-12-15,10411.18
2014-12-12,10500.51
2014-12-11,10690.14
2014-12-10,10662.24
2014-12-09,10847.36
2014-12-08,10863.54
2014-12-05,10970.29
2014-12-04,10952.3
2014-12-03,10987.41
2014-12-02,10940.12
2014-12-01,10888.37
2014-11-28,10955.41
2014-11-26,11047.91
2014-11-25,11029.37
2014-11-24,11041.42
2014-11-21,11025.74
2014-11-20,10937.97
2014-11-19,10927.48
2014-11-18,10941.7
2014-11-17,10883.25
2014-11-14,10880.63
2014-11-13,10868.92
2014-11-12,10884.03
2014-11-11,10907.53
2014-11-10,10892.56
2014-11-07,10864.58
2014-11-06,10843.54
2014-11-05,10824.07
2014-11-04,10758.08
2014-11-03,10808.67
2014-10-31,10845.0
2014-10-30,10712.19
2014-10-29,10646.66
2014-10-28,10677.88
2014-10-27,10544.42
2014-10-24,10582.62
2014-10-23,10519.28
2014-10-22,10405.81
2014-10-21,10500.78
2014-10-20,10327.34
2014-10-17,10250.54
2014-10-16,10123.73
2014-10-15,10109.67
2014-10-14,10185.91
2014-10-13,10166.74
2014-10-10,10293.14
2014-10-09,10409.38
2014-10-08,10645.67
2014-10-07,10484.55
2014-10-06,10647.51
2014-10-03,10635.49
2014-10-02,10555.71
2014-10-01,10571.55
2014-09-30,10702.93
2014-09-29,10749.05
2014-09-26,10798.88
2014-09-25,10722.21
2014-09-24,10885.6
2014-09-23,10815.42
2014-09-22,10892.64
2014-09-19,10989.57
2014-09-18,11024.06
2014-09-17,10973.74
2014-09-16,10980.14
2014-09-15,10909.31
2014-09-12,10911.39
2014-09-11,10975.99
2014-09-10,10972.21
2014-09-09,10945.61
2014-09-08,11007.39
2014-09-05,11073.4
2014-09-04,11030.4
2014-09-03,11063.55
2014-09-02,11038.12
2014-08-29,11046.33
2014-08-28,11009.7
2014-08-27,11037.89
2014-08-26,11025.37
2014-08-25,11005.36
2014-08-22,10947.33
2014-08-21,10982.83
2014-08-20,10949.48
2014-08-19,10929.66
2014-08-18,10886.51
2014-08-15,10796.03
2014-08-14,10802.63
2014-08-13,10756.18
2014-08-12,10705.78
2014-08-11,10722.79
2014-08-08,10691.1
2014-08-07,10583.79
2014-08-06,10653.42
2014-08-05,10657.32
2014-08-04,10766.68
2014-08-01,10692.16
2014-07-31,10726.43
2014-07-30,10929.79
2014-07-29,10936.7
2014-07-28,10987.24
2014-07-25,10985.81
2014-07-24,11038.56
2014-07-23,11023.9
2014-07-22,11016.24
2014-07-21,10957.67
2014-07-18,10985.92
2014-07-17,10890.44
2014-07-16,11017.88
2014-07-15,10965.64
2014-07-14,10991.47
2014-07-11,10936.35
2014-07-10,10941.34
2014-07-09,11005.5
2014-07-08,10963.16
2014-07-07,11035.81
2014-07-03,11104.72
2014-07-02,11050.34
2014-07-01,11046.61
2014-06-30,10979.42
2014-06-27,10974.43
2014-06-26,10949.45
2014-06-25,10962.87
2014-06-24,10921.99
2014-06-23,11014.09
2014-06-20,11018.11
2014-06-19,11003.09
2014-06-18,10975.54
2014-06-17,10886.01
2014-06-16,10863.22
2014-06-13,10856.22
2014-06-12,10825.03
2014-06-11,10872.69
2014-06-10,10914.2
2014-06-09,10918.62
2014-06-06,10904.22
2014-06-05,10847.69
2014-06-04,10776.78
2014-06-03,10770.33
2014-06-02,10772.01
2014-05-30,10756.32
2014-05-29,10752.12
2014-05-28,10702.73
2014-05-27,10720.62
2014-05-23,10681.87
2014-05-22,10644.52
2014-05-21,10620.44
2014-05-20,10541.95
2014-05-19,10618.64
2014-05-16,10603.18
2014-05-15,10568.37
2014-05-14,10656.12
2014-05-13,10702.86
2014-05-12,10703.5
2014-05-09,10606.69
2014-05-08,10610.65
2014-05-07,10626.84
2014-05-06,10568.68
2014-05-05,10630.14
2014-05-02,10629.99
2014-05-01,10629.34
2014-04-30,10627.18
2014-04-29,10583.65
2014-04-28,10526.52
2014-04-25,10505.01
2014-04-24,10575.91
2014-04-23,10581.89
2014-04-22,10599.02
2014-04-21,10559.35
2014-04-17,10532.83
2014-04-16,10505.79
2014-04-15,10401.98
2014-04-14,10359.44
2014-04-11,10280.94
2014-04-10,10366.82
2014-04-09,10554.94
2014-04-08,10452.01
2014-04-07,10407.42
2014-04-04,10517.05
2014-04-03,10598.48
2014-04-02,10616.86
2014-04-01,10584.31
2014-03-31,10527.77
2014-03-28,10434.87
2014-03-27,10373.44
2014-03-26,10359.36
2014-03-25,10417.06
2014-03-24,10362.06
2014-03-21,10392.22
2014-03-20,10400.7
2014-03-19,10359.5
2014-03-18,10441.48
2014-03-17,10377.02
2014-03-14,10285.08
2014-03-13,10297.74
2014-03-12,10418.99
2014-03-11,10425.64
2014-03-10,10486.15
2014-03-07,10511.91
2014-03-06,10525.52
2014-03-05,10482.84
2014-03-04,10489.97
2014-03-03,10329.8
2014-02-28,10425.86
2014-02-27,10397.81
2014-02-26,10349.96
2014-02-25,10353.78
2014-02-24,10369.52
2014-02-21,10306.9
2014-02-20,10316.89
2014-02-19,10254.24
2014-02-18,10319.12
2014-02-14,10282.53
2014-02-13,10228.58
2014-02-12,10173.77
2014-02-11,10170.37
2014-02-10,10050.4
2014-02-07,10055.37
2014-02-06,9940.22
2014-02-05,9809.03
2014-02-04,9816.97
2014-02-03,9741.58
2014-01-31,9967.65
2014-01-30,10048.69
2014-01-29,9962.92
2014-01-28,10066.85
2014-01-27,9981.35
2014-01-24,10034.42
2014-01-23,10269.39
2014-01-22,10368.89
2014-01-21,10366.01
2014-01-17,10343.47
2014-01-16,10376.23
2014-01-15,10385.39
2014-01-14,10343.09
2014-01-13,10256.15
2014-01-10,10371.13
2014-01-09,10325.74
2014-01-08,10320.92
2014-01-07,10327.33
2014-01-06,10270.06
2014-01-03,10296.77
2014-01-02,10283.42
2013-12-31,10400.33
2013-12-30,10357.84
2013-12-27,10353.23
2013-12-26,10331.68
2013-12-24,10284.4
2013-12-23,10246.68
2013-12-20,10196.08
2013-12-19,10151.53
2013-12-18,10154.2
2013-12-17,9989.08
2013-12-16,10024.97
2013-12-13,9954.87
2013-12-12,9949.58
2013-12-11,9991.45
2013-12-10,10114.67
2013-12-09,10146.26
2013-12-06,10131.22
2013-12-05,10016.74
2013-12-04,10064.87
2013-12-03,10086.73
2013-12-02,10137.02
2013-11-29,10183.23
2013-11-27,10182.99
2013-11-26,10167.9
2013-11-25,10176.2
2013-11-22,10205.72
2013-11-21,10162.4
2013-11-20,10096.44
2013-11-19,10135.64
2013-11-18,10167.16
2013-11-15,10189.8
2013-11-14,10130.52
2013-11-13,10079.89
2013-11-12,10009.84
2013-11-11,10042.94
2013-11-08,10032.14
2013-11-07,9924.37
2013-11-06,10059.46
2013-11-05,10011.92
2013-11-04,10064.11
2013-11-01,10018.16
2013-10-31,10009.65
2013-10-30,10054.38
2013-10-29,10108.41
2013-10-28,10058.54
2013-10-25,10053.86
2013-10-24,10029.19
2013-10-23,9990.33
2013-10-22,10056.6
2013-10-21,9982.69
2013-10-18,9984.63
2013-10-17,9934.84
2013-10-16,9845.0
2013-10-15,9726.62
2013-10-14,9797.18
2013-10-11,9761.76
2013-10-10,9693.97
2013-10-09,9497.02
2013-10-08,9483.17
2013-10-07,9597.54
2013-10-04,9675.71
2013-10-03,9619.2
2013-10-02,9689.3
2013-10-01,9693.28
2013-09-30,9621.25
2013-09-27,9684.19
2013-09-26,9726.26
2013-09-25,9698.96
2013-09-24,9715.21
2013-09-23,9733.03
2013-09-20,9769.73
2013-09-19,9854.76
2013-09-18,9887.88
2013-09-17,9738.93
2013-09-16,9704.47
2013-09-13,9635.08
2013-09-12,9607.32
2013-09-11,9655.38
2013-09-10,9620.71
2013-09-09,9539.93
2013-09-06,9439.69
2013-09-05,9420.35
2013-09-04,9400.24
2013-09-03,9333.49
2013-08-30,9270.66
2013-08-29,9315.82
2013-08-28,9309.07
2013-08-27,9288.11
2013-08-26,9432.51
2013-08-23,9474.82
2013-08-22,9425.78
2013-08-21,9339.38
2013-08-20,9421.56
2013-08-19,9385.89
2013-08-16,9465.59
2013-08-15,9489.29
2013-08-14,9593.5
2013-08-13,9630.57
2013-08-12,9609.03
2013-08-09,9622.11
2013-08-08,9634.7
2013-08-07,9568.26
2013-08-06,9614.32
2013-08-05,9671.6
2013-08-02,9690.07
2013-08-01,9673.4
2013-07-31,9558.83
2013-07-30,9556.17
2013-07-29,9571.78
2013-07-26,9620.13
2013-07-25,9635.06
2013-07-24,9605.06
2013-07-23,9659.62
2013-07-22,9650.59
2013-07-19,9618.51
2013-07-18,9587.2
2013-07-17,9523.8
2013-07-16,9489.01
2013-07-15,9520.96
2013-07-12,9498.51
2013-07-11,9493.26
2013-07-10,9340.69
2013-07-09,9341.41
2013-07-08,9266.3
2013-07-05,9214.18
2013-07-03,9135.09
2013-07-02,9144.73
2013-07-01,9167.89
2013-06-28,9112.7
2013-06-27,9143.56
2013-06-26,9067.27
2013-06-25,8989.26
2013-06-24,8892.03
2013-06-21,9018.55
2013-06-20,8995.97
2013-06-19,9255.71
2013-06-18,9399.64
2013-06-17,9337.89
2013-06-14,9263.69
2013-06-13,9331.37
2013-06-12,9189.44
2013-06-11,9255.48
2013-06-10,9358.0
2013-06-07,9355.41
2013-06-06,9260.5
2013-06-05,9178.42
2013-06-04,9320.09
2013-06-03,9357.08
2013-05-31,9302.27
2013-05-30,9460.06
2013-05-29,9422.49
2013-05-28,9494.17
2013-05-24,9442.23
2013-05-23,9466.31
2013-05-22,9508.05
2013-05-21,9598.27
2013-05-20,9587.54
2013-05-17,9576.42
2013-05-16,9489.31
2013-05-15,9551.42
2013-05-14,9515.86
2013-05-13,9437.18
2013-05-10,9442.76
2013-05-09,9409.23
2013-05-08,9463.32
2013-05-07,9409.01
2013-05-06,9348.9
2013-05-03,9340.47
2013-05-02,9246.73
2013-05-01,9175.79
2013-04-30,9276.88
2013-04-29,9245.22
2013-04-26,9169.9
2013-04-25,9188.86
2013-04-24,9146.46
2013-04-23,9113.8
2013-04-22,9019.92
2013-04-19,8994.12
2013-04-18,8921.18
2013-04-17,8948.36
2013-04-16,9086.43
2013-04-15,8953.94
2013-04-12,9188.26
2013-04-11,9234.02
2013-04-10,9189.09
2013-04-09,9088.38
2013-04-08,9051.59
2013-04-05,9000.25
2013-04-04,9027.83
2013-04-03,8983.4
2013-04-02,9092.9
2013-04-01,9107.76
2013-03-28,9107.05
2013-03-27,9070.45
2013-03-26,9083.71
2013-03-25,9022.96
2013-03-22,9065.8
2013-03-21,9009.66
2013-03-20,9081.09
2013-03-19,9017.67
2013-03-18,9045.44
2013-03-15,9116.68
2013-03-14,9127.97
2013-03-13,9057.02
2013-03-12,9059.96
2013-03-11,9082.24
2013-03-08,9054.45
2013-03-07,9013.44
2013-03-06,8996.97
2013-03-05,8978.09
2013-03-04,8901.05
2013-03-01,8874.19
2013-02-28,8868.72
2013-02-27,8875.33
2013-02-26,8766.18
2013-02-25,8719.4
2013-02-22,8894.63
2013-02-21,8810.29
2013-02-20,8883.62
2013-02-19,9004.38
2013-02-15,8933.22
2013-02-14,8953.07
2013-02-13,8955.6
2013-02-12,8957.61
2013-02-11,8919.02
2013-02-08,8935.24
2013-02-07,8893.75
2013-02-06,8934.24
2013-02-05,8920.13
2013-02-04,8852.82
2013-02-01,8965.12
2013-01-31,8883.79
2013-01-30,8904.32
2013-01-29,8935.64
2013-01-28,8880.02
2013-01-25,8904.52
2013-01-24,8856.59
2013-01-23,8828.66
2013-01-22,8832.75
2013-01-18,8792.63
2013-01-17,8766.55
2013-01-16,8710.56
2013-01-15,8733.1
2013-01-14,8717.45
2013-01-11,8712.4
2013-01-10,8713.76
2013-01-09,8636.1
2013-01-08,8604.38
2013-01-07,8636.91
2013-01-04,8667.68
2013-01-03,8607.79
2013-01-02,8632.01
2012-12-31,8443.51
2012-12-28,8316.17
2012-12-27,8399.83
2012-12-26,8395.49
2012-12-24,8420.55
2012-12-21,8443.16
2012-12-20,8516.43
2012-12-19,8463.82
2012-12-18,8499.35
2012-12-17,8407.01
2012-12-14,8333.73
2012-12-13,8338.32
2012-12-12,8380.87
2012-12-11,8366.47
2012-12-10,8322.68
2012-12-07,8314.29
2012-12-06,8280.93
2012-12-05,8264.8
2012-12-04,8223.87
2012-12-03,8223.54
2012-11-30,8260.43
2012-11-29,8256.07
2012-11-28,8207.36
2012-11-27,8150.79
2012-11-26,8197.57
2012-11-23,8225.51
2012-11-21,8112.18
2012-11-20,8086.42
2012-11-19,8080.29
2012-11-16,7931.55
2012-11-15,7896.88
2012-11-14,7903.42
2012-11-13,8023.23
2012-11-12,8054.07
2012-11-09,8053.57
2012-11-08,8050.83
2012-11-07,8138.81
2012-11-06,8312.35
2012-11-05,8240.26
2012-11-02,8234.91
2012-11-01,8311.36
2012-10-31,8221.4
2012-10-26,8190.2
2012-10-25,8211.91
2012-10-24,8179.26
2012-10-23,8195.31
2012-10-22,8329.19
2012-10-19,8324.15
2012-10-18,8442.81
2012-10-17,8446.52
2012-10-16,8386.47
2012-10-15,8293.49
2012-10-12,8227.08
2012-10-11,8256.59
2012-10-10,8229.17
2012-10-09,8279.11
2012-10-08,8359.12
2012-10-05,8384.07
2012-10-04,8376.34
2012-10-03,8297.5
2012-10-02,8295.11
2012-10-01,8284.37
2012-09-28,8251.0
2012-09-27,8303.74
2012-09-26,8221.32
2012-09-25,8274.78
2012-09-24,8356.56
2012-09-21,8377.51
2012-09-20,8372.91
2012-09-19,8400.49
2012-09-18,8387.44
2012-09-17,8408.97
2012-09-14,8458.88
2012-09-13,8407.03
2012-09-12,8267.32
2012-09-11,8246.15
2012-09-10,8192.4
2012-09-07,8234.51
2012-09-06,8160.56
2012-09-05,7992.01
2012-09-04,8002.31
2012-08-31,8014.93
2012-08-30,7966.24
2012-08-29,8031.65
2012-08-28,8033.85
2012-08-27,8036.25
2012-08-24,8047.87
2012-08-23,8011.44
2012-08-22,8074.23
2012-08-21,8082.68
2012-08-20,8094.33
2012-08-17,8102.08
2012-08-16,8090.0
2012-08-15,8029.01
2012-08-14,8019.53
2012-08-13,8018.64
2012-08-10,8044.76
2012-08-09,8025.01
2012-08-08,8018.24
2012-08-07,8017.71
2012-08-06,7964.1
2012-08-03,7939.55
2012-08-02,7765.6
2012-08-01,7840.78
2012-07-31,7863.94
2012-07-30,7911.05
2012-07-27,7912.17
2012-07-26,7754.51
2012-07-25,7607.57
2012-07-24,7590.62
2012-07-23,7670.54
2012-07-20,7759.59
2012-07-19,7849.75
2012-07-18,7831.09
2012-07-17,7794.77
2012-07-16,7743.02
2012-07-13,7758.68
2012-07-12,7638.65
2012-07-11,7685.37
2012-07-10,7667.57
2012-07-09,7736.34
2012-07-06,7756.62
2012-07-05,7837.78
2012-07-03,7901.67
2012-07-02,7832.23
2012-06-29,7801.84
2012-06-28,7597.52
2012-06-27,7598.05
2012-06-26,7527.09
2012-06-25,7491.87
2012-06-22,7616.59
2012-06-21,7566.11
2012-06-20,7757.92
2012-06-19,7766.26
2012-06-18,7662.29
2012-06-15,7664.27
2012-06-14,7582.83
2012-06-13,7506.42
2012-06-12,7557.82
2012-06-11,7459.27
2012-06-08,7553.77
2012-06-07,7519.83
2012-06-06,7517.46
2012-06-05,7338.63
2012-06-04,7285.53
2012-06-01,7292.23
2012-05-31,7463.96
2012-05-30,7471.4
2012-05-29,7615.04
2012-05-25,7534.33
2012-05-24,7552.36
2012-05-23,7540.9
2012-05-22,7542.58
2012-05-21,7542.98
2012-05-18,7427.74
2012-05-17,7480.43
2012-05-16,7592.82
2012-05-15,7635.81
2012-05-14,7705.45
2012-05-11,7815.89
2012-05-10,7852.75
2012-05-09,7820.26
2012-05-08,7887.26
2012-05-07,7948.77
2012-05-04,7933.3
2012-05-03,8049.89
2012-05-02,8124.33
2012-05-01,8164.04
2012-04-30,8119.07
2012-04-27,8151.91
2012-04-26,8123.07
2012-04-25,8070.78
2012-04-24,7988.02
2012-04-23,7940.74
2012-04-20,8025.53
2012-04-19,7995.92
2012-04-18,8030.37
2012-04-17,8064.08
2012-04-16,7949.57
2012-04-13,7931.1
2012-04-12,8039.96
2012-04-11,7912.85
2012-04-10,7841.92
2012-04-09,7992.32
2012-04-05,8081.35
2012-04-04,8106.79
2012-04-03,8216.54
2012-04-02,8280.83
2012-03-30,8206.93
2012-03-29,8166.37
2012-03-28,8188.35
2012-03-27,8239.37
2012-03-26,8288.79
2012-03-23,8180.06
2012-03-22,8141.33
2012-03-21,8219.34
2012-03-20,8241.28
2012-03-19,8297.47
2012-03-16,8270.41
2012-03-15,8246.72
2012-03-14,8185.31
2012-03-13,8234.47
2012-03-12,8086.28
2012-03-09,8102.1
2012-03-08,8082.37
2012-03-07,7979.78
2012-03-06,7920.14
2012-03-05,8091.27
2012-03-02,8125.18
2012-03-01,8175.11
2012-02-29,8113.25
2012-02-28,8171.55
2012-02-27,8143.56
2012-02-24,8151.97
2012-02-23,8136.24
2012-02-22,8094.38
2012-02-21,8115.42
2012-02-17,8114.51
2012-02-16,8092.19
2012-02-15,7998.65
2012-02-14,8029.62
2012-02-13,8056.23
2012-02-10,7992.03
2012-02-09,8081.25
2012-02-08,8082.98
2012-02-07,8069.71
2012-02-06,8048.03
2012-02-03,8060.43
2012-02-02,7945.43
2012-02-01,7931.45
2012-01-31,7838.48
2012-01-30,7834.41
2012-01-27,7876.61
2012-01-26,7883.9
2012-01-25,7915.05
2012-01-24,7840.65
2012-01-23,7855.52
2012-01-20,7829.33
2012-01-19,7819.37
2012-01-18,7766.95
2012-01-17,7670.47
2012-01-13,7632.03
2012-01-12,7681.26
2012-01-11,7661.98
2012-01-10,7668.9
2012-01-09,7584.66
2012-01-06,7557.68
2012-01-05,7599.97
2012-01-04,7612.15
2012-01-03,7624.32
2011-12-30,7477.03
2011-12-29,7485.63
2011-12-28,7396.99
2011-12-27,7508.37
2011-12-23,7518.66
2011-12-22,7460.75
2011-12-21,7388.52
2011-12-20,7360.97
2011-12-19,7142.45
2011-12-16,7237.66
2011-12-15,7217.1
2011-12-14,7184.75
2011-12-13,7277.62
2011-12-12,7363.49
2011-12-09,7502.88
2011-12-08,7369.52
2011-12-07,7559.71
2011-12-06,7539.32
2011-12-05,7531.01
2011-12-02,7453.55
2011-12-01,7450.43
2011-11-30,7484.5
2011-11-29,7149.71
2011-11-28,7120.55
2011-11-25,6898.18
2011-11-23,6919.92
2011-11-22,7094.89
2011-11-21,7134.47
2011-11-18,7282.47
2011-11-17,7274.15
2011-11-16,7392.02
2011-11-15,7509.05
2011-11-14,7493.3
2011-11-11,7576.18
2011-11-10,7423.68
2011-11-09,7353.45
2011-11-08,7671.91
2011-11-07,7590.43
2011-11-04,7552.23
2011-11-03,7605.14
2011-11-02,7461.16
2011-11-01,7337.14
2011-10-31,7565.03
2011-10-28,7803.94
2011-10-27,7813.99
2011-10-26,7506.15
2011-10-25,7400.82
2011-10-24,7547.63
2011-10-21,7431.1
2011-10-20,7273.9
2011-10-19,7240.26
2011-10-18,7341.73
2011-10-17,7188.66
2011-10-14,7350.46
2011-10-13,7229.08
2011-10-12,7263.69
2011-10-11,7161.26
2011-10-10,7173.45
2011-10-07,6925.8
2011-10-06,6997.64
2011-10-05,6844.16
2011-10-04,6722.98
2011-10-03,6574.29
2011-09-30,6791.65
2011-09-29,6974.91
2011-09-28,6876.94
2011-09-27,7043.12
2011-09-26,6940.81
2011-09-23,6770.73
2011-09-22,6726.62
2011-09-21,6981.33
2011-09-20,7217.52
2011-09-19,7234.63
2011-09-16,7348.18
2011-09-15,7329.1
2011-09-14,7199.12
2011-09-13,7109.95
2011-09-12,7047.12
2011-09-09,7045.01
2011-09-08,7257.36
2011-09-07,7355.17
2011-09-06,7148.13
2011-09-02,7250.73
2011-09-01,7443.46
2011-08-31,7528.39
2011-08-30,7464.0
2011-08-29,7450.3
2011-08-26,7245.82
2011-08-25,7149.67
2011-08-24,7273.13
2011-08-23,7209.59
2011-08-22,6980.62
2011-08-19,6970.1
2011-08-18,7079.41
2011-08-17,7418.94
2011-08-16,7394.49
2011-08-15,7482.71
2011-08-12,7303.88
2011-08-11,7257.58
2011-08-10,6938.23
2011-08-09,7258.04
2011-08-08,6895.97
2011-08-05,7419.07
2011-08-04,7428.4
2011-08-03,7853.2
2011-08-02,7831.98
2011-08-01,8040.93
2011-07-29,8079.44
2011-07-28,8124.03
2011-07-27,8153.21
2011-07-26,8331.67
2011-07-25,8357.57
2011-07-22,8408.2
2011-07-21,8411.45
2011-07-20,8281.83
2011-07-19,8254.38
2011-07-18,8135.53
2011-07-15,8227.04
2011-07-14,8191.13
2011-07-13,8246.8
2011-07-12,8192.75
2011-07-11,8228.73
2011-07-08,8410.19
2011-07-07,8476.13
2011-07-06,8396.48
2011-07-05,8404.63
2011-07-01,8425.48
2011-06-30,8319.1
2011-06-29,8228.5
2011-06-28,8135.98
2011-06-27,8031.08
2011-06-24,7974.72
2011-06-23,8054.08
2011-06-22,8101.84
2011-06-21,8156.27
2011-06-20,8032.22
2011-06-17,8000.11
2011-06-16,7963.6
2011-06-15,7967.81
2011-06-14,8132.77
2011-06-13,8017.06
2011-06-10,8016.39
2011-06-09,8149.65
2011-06-08,8081.35
2011-06-07,8131.69
2011-06-06,8115.87
2011-06-03,8222.15
2011-06-02,8277.76
2011-06-01,8281.59
2011-05-31,8477.28
2011-05-27,8386.34
2011-05-26,8341.66
2011-05-25,8295.37
2011-05-24,8252.46
2011-05-23,8236.55
2011-05-20,8357.53
2011-05-19,8427.95
2011-05-18,8407.48
2011-05-17,8333.07
2011-05-16,8336.59
2011-05-13,8371.67
2011-05-12,8456.18
2011-05-11,8428.09
2011-05-10,8550.49
2011-05-09,8478.19
2011-05-06,8425.9
2011-05-05,8397.4
2011-05-04,8506.61
2011-05-03,8584.68
2011-05-02,8671.41
2011-04-29,8671.41
2011-04-28,8639.73
2011-04-27,8609.28
2011-04-26,8554.99
2011-04-25,8485.25
2011-04-21,8504.36
2011-04-20,8457.65
2011-04-19,8332.03
2011-04-18,8277.11
2011-04-15,8400.31
2011-04-14,8374.16
2011-04-13,8367.31
2011-04-12,8360.46
2011-04-11,8445.77
2011-04-08,8483.94
2011-04-07,8489.33
2011-04-06,8508.23
2011-04-05,8488.39
2011-04-04,8482.41
2011-04-01,8469.34
2011-03-31,8404.98
2011-03-30,8416.69
2011-03-29,8345.38
2011-03-28,8296.52
2011-03-25,8321.78
2011-03-24,8311.61
2011-03-23,8248.83
2011-03-22,8228.41
2011-03-21,8256.36
2011-03-18,8116.4
2011-03-17,8064.86
2011-03-16,7929.87
2011-03-15,8092.11
2011-03-14,8193.96
2011-03-11,8248.53
2011-03-10,8200.07
2011-03-09,8379.44
2011-03-08,8394.04
2011-03-07,8337.02
2011-03-04,8413.05
2011-03-03,8465.45
2011-03-02,8338.76
2011-03-01,8315.85
2011-02-28,8438.55
2011-02-25,8378.04
2011-02-24,8276.29
2011-02-23,8292.92
2011-02-22,8325.86
2011-02-21,8507.9
2011-02-18,8507.9
2011-02-17,8497.41
2011-02-16,8453.76
2011-02-15,8383.67
2011-02-14,8405.15
2011-02-11,8374.89
2011-02-10,8337.13
2011-02-09,8343.99
2011-02-08,8379.85
2011-02-07,8336.64
2011-02-04,8288.5
2011-02-03,8289.05
2011-02-02,8272.57
2011-02-01,8290.09
2011-01-31,8139.16
2011-01-28,8062.64
2011-01-27,8207.06
2011-01-26,8193.64
2011-01-25,8141.13
2011-01-24,8157.42
2011-01-21,8105.75
2011-01-20,8076.72
2011-01-19,8104.92
2011-01-18,8190.91
2011-01-17,8174.12
2011-01-14,8174.12
2011-01-13,8119.43
2011-01-12,8122.98
2011-01-11,8018.68
2011-01-10,7966.09
2011-01-07,7980.32
2011-01-06,8000.9
2011-01-05,8040.04
2011-01-04,8022.18
2011-01-03,8043.97
2010-12-31,7964.02
2010-12-30,7951.91
2010-12-29,7961.48
2010-12-28,7931.67
2010-12-27,7920.94
2010-12-23,7925.36
2010-12-22,7931.76
2010-12-21,7906.1
2010-12-20,7846.96
2010-12-17,7835.31
2010-12-16,7840.24
2010-12-15,7798.78
2010-12-14,7855.22
2010-12-13,7850.02
2010-12-10,7823.3
2010-12-09,7782.14
2010-12-08,7750.32
2010-12-07,7739.64
2010-12-06,7740.69
2010-12-03,7751.58
2010-12-02,7712.25
2010-12-01,7603.73
2010-11-30,7430.94
2010-11-29,7483.34
2010-11-26,7500.54
2010-11-24,7579.26
2010-11-23,7470.77
2010-11-22,7610.3
2010-11-19,7641.08
2010-11-18,7619.94
2010-11-17,7488.76
2010-11-16,7472.63
2010-11-15,7617.51
2010-11-12,7623.24
2010-11-11,7723.24
2010-11-10,7747.46
2010-11-09,7702.31
2010-11-08,7782.2
2010-11-05,7800.66
2010-11-04,7782.43
2010-11-03,7608.41
2010-11-02,7582.14
2010-11-01,7509.21
2010-10-29,7513.35
2010-10-28,7504.85
2010-10-27,7480.87
2010-10-26,7530.8
2010-10-25,7546.38
2010-10-22,7522.91
2010-10-21,7515.67
2010-10-20,7523.81
2010-10-19,7423.65
2010-10-18,7571.1
2010-10-15,7520.6
2010-10-14,7546.59
2010-10-13,7561.5
2010-10-12,7489.62
2010-10-11,7479.01
2010-10-08,7478.42
2010-10-07,7425.01
2010-10-06,7448.33
2010-10-05,7434.18
2010-10-04,7272.53
2010-10-01,7335.91
2010-09-30,7281.07
2010-09-29,7299.31
2010-09-28,7310.32
2010-09-27,7263.37
2010-09-24,7301.04
2010-09-23,7141.51
2010-09-22,7210.85
2010-09-21,7245.95
2010-09-20,7266.02
2010-09-17,7154.65
2010-09-16,7169.48
2010-09-15,7179.79
2010-09-14,7162.08
2010-09-13,7156.18
2010-09-10,7067.51
2010-09-09,7034.37
2010-09-08,6999.94
2010-09-07,6959.94
2010-09-03,7055.03
2010-09-02,6966.25
2010-09-01,6910.98
2010-08-31,6704.15
2010-08-30,6695.28
2010-08-27,6794.91
2010-08-26,6665.26
2010-08-25,6696.12
2010-08-24,6681.03
2010-08-23,6784.97
2010-08-20,6813.15
2010-08-19,6850.45
2010-08-18,6968.08
2010-08-17,6959.79
2010-08-16,6871.58
2010-08-13,6861.04
2010-08-12,6881.94
2010-08-11,6902.71
2010-08-10,7139.75
2010-08-09,7188.3
2010-08-06,7153.72
2010-08-05,7174.27
2010-08-04,7182.14
2010-08-03,7146.99
2010-08-02,7174.9
2010-07-30,6998.99
2010-07-29,6994.57
2010-07-28,6999.18
2010-07-27,7044.99
2010-07-26,7046.0
2010-07-23,6965.11
2010-07-22,6901.91
2010-07-21,6731.16
2010-07-20,6820.04
2010-07-19,6739.64
2010-07-16,6709.51
2010-07-15,6916.81
2010-07-14,6903.36
2010-07-13,6907.78
2010-07-12,6794.48
2010-07-09,6808.71
2010-07-08,6755.81
2010-07-07,6685.78
2010-07-06,6486.12
2010-07-02,6434.81
2010-07-01,6462.03
2010-06-30,6469.65
2010-06-29,6520.09
2010-06-28,6736.6
2010-06-25,6763.93
2010-06-24,6730.24
2010-06-23,6850.05
2010-06-22,6858.95
2010-06-21,6978.86
2010-06-18,6988.24
2010-06-17,6982.04
2010-06-16,6976.08
2010-06-15,6989.88
2010-06-14,6817.97
2010-06-11,6814.76
2010-06-10,6783.51
2010-06-09,6559.71
2010-06-08,6596.12
2010-06-07,6512.42
2010-06-04,6600.27
2010-06-03,6860.39
2010-06-02,6839.61
2010-06-01,6661.1
2010-05-28,6791.57
2010-05-27,6893.29
2010-05-26,6631.36
2010-05-25,6665.83
2010-05-24,6666.74
2010-05-21,6775.45
2010-05-20,6653.0
2010-05-19,6927.21
2010-05-18,6959.21
2010-05-17,7063.83
2010-05-14,7077.64
2010-05-13,7234.37
2010-05-12,7316.36
2010-05-11,7221.66
2010-05-10,7257.62
2010-05-07,6916.18
2010-05-06,7011.92
2010-05-05,7258.02
2010-05-04,7337.25
2010-05-03,7543.12
2010-04-30,7474.4
2010-04-29,7589.29
2010-04-28,7499.72
2010-04-27,7463.09
2010-04-26,7677.65
2010-04-23,7701.61
2010-04-22,7642.83
2010-04-21,7644.67
2010-04-20,7669.11
2010-04-19,7596.56
2010-04-16,7584.62
2010-04-15,7719.66
2010-04-14,7728.96
2010-04-13,7638.35
2010-04-12,7641.75
2010-04-09,7629.05
2010-04-08,7565.33
2010-04-07,7546.18
2010-04-06,7604.44
2010-04-05,7600.93
2010-04-01,7539.02
2010-03-31,7447.8
2010-03-30,7460.72
2010-03-29,7464.9
2010-03-26,7403.58
2010-03-25,7385.6
2010-03-24,7408.16
2010-03-23,7478.76
2010-03-22,7419.02
2010-03-19,7386.85
2010-03-18,7443.57
2010-03-17,7474.13
2010-03-16,7426.7
2010-03-15,7350.96
2010-03-12,7362.85
2010-03-11,7353.24
2010-03-10,7327.67
2010-03-09,7294.02
2010-03-08,7292.53
2010-03-05,7291.31
2010-03-04,7173.07
2010-03-03,7164.66
2010-03-02,7135.97
2010-03-01,7100.75
2010-02-26,7035.04
2010-02-25,7013.45
2010-02-24,7030.67
2010-02-23,6974.6
2010-02-22,7078.53
2010-02-19,7083.25
2010-02-18,7080.38
2010-02-17,7035.2
2010-02-16,7013.35
2010-02-12,6874.56
2010-02-11,6898.72
2010-02-10,6819.12
2010-02-09,6835.16
2010-02-08,6713.87
2010-02-05,6782.75
2010-02-04,6787.86
2010-02-03,7042.62
2010-02-02,7101.44
2010-02-01,7008.23
2010-01-29,6883.78
2010-01-28,6956.99
2010-01-27,7035.61
2010-01-26,7028.32
2010-01-25,7073.13
2010-01-22,7030.61
2010-01-21,7174.46
2010-01-20,7329.83
2010-01-19,7443.68
2010-01-15,7356.79
2010-01-14,7448.52
2010-01-13,7430.14
2010-01-12,7370.45
2010-01-11,7449.05
2010-01-08,7425.35
2010-01-07,7393.93
2010-01-06,7377.7
2010-01-05,7354.87
2010-01-04,7326.74
2009-12-31,7184.96
2009-12-30,7241.24
2009-12-29,7252.19
2009-12-28,7261.24
2009-12-24,7255.0
2009-12-23,7217.2
2009-12-22,7184.18
2009-12-21,7147.15
2009-12-18,7086.19
2009-12-17,7063.75
2009-12-16,7180.76
2009-12-15,7141.44
2009-12-14,7186.49
2009-12-11,7125.12
2009-12-10,7104.5
2009-12-09,7067.62
2009-12-08,7056.26
2009-12-07,7155.73
2009-12-04,7182.71
2009-12-03,7157.05
2009-12-02,7222.42
2009-12-01,7212.08
2009-11-30,7092.36
2009-11-27,7070.09
2009-11-25,7232.12
2009-11-24,7170.26
2009-11-23,7186.33
2009-11-20,7084.47
2009-11-19,7117.64
2009-11-18,7226.71
2009-11-17,7234.06
2009-11-16,7237.1
2009-11-13,7119.89
2009-11-12,7063.05
2009-11-11,7155.36
2009-11-10,7126.42
2009-11-09,7135.33
2009-11-06,6958.29
2009-11-05,6950.14
2009-11-04,6830.43
2009-11-03,6812.7
2009-11-02,6784.94
2009-10-30,6739.45
2009-10-29,6955.31
2009-10-28,6765.69
2009-10-27,6932.04
2009-10-26,6960.09
2009-10-23,7066.8
2009-10-22,7182.91
2009-10-21,7107.21
2009-10-20,7158.27
2009-10-19,7222.21
2009-10-16,7133.96
2009-10-15,7204.05
2009-10-14,7182.38
2009-10-13,7031.87
2009-10-12,7051.16
2009-10-09,7015.54
2009-10-08,6990.67
2009-10-07,6912.65
2009-10-06,6899.68
2009-10-05,6795.13
2009-10-02,6674.57
2009-10-01,6718.05
2009-09-30,6910.88
2009-09-29,6926.82
2009-09-28,6939.76
2009-09-25,6823.51
2009-09-24,6862.31
2009-09-23,6964.69
2009-09-22,7047.13
2009-09-21,6968.59
2009-09-18,7016.92
2009-09-17,7002.17
2009-09-16,7038.14
2009-09-15,6917.07
2009-09-14,6879.99
2009-09-11,6843.82
2009-09-10,6850.81
2009-09-09,6772.4
2009-09-08,6726.07
2009-09-04,6637.13
2009-09-03,6546.6
2009-09-02,6474.79
2009-09-01,6487.81
2009-08-31,6643.24
2009-08-28,6709.04
2009-08-27,6722.31
2009-08-26,6687.94
2009-08-25,6697.22
2009-08-24,6671.14
2009-08-21,6676.26
2009-08-20,6553.4
2009-08-19,6479.28
2009-08-18,6437.07
2009-08-17,6352.11
2009-08-14,6537.82
2009-08-13,6604.1
2009-08-12,6538.87
2009-08-11,6503.23
2009-08-10,6550.05
2009-08-06,6517.67
2009-08-05,6558.19
2009-08-04,6569.14
2009-08-03,6565.65
2009-07-31,6424.28
2009-07-30,6384.31
2009-07-29,6280.57
2009-07-28,6328.67
2009-07-27,6364.66
2009-07-24,6337.46
2009-07-23,6302.52
2009-07-22,6151.4
2009-07-21,6154.39
2009-07-20,6141.3
2009-07-17,6038.11
2009-07-16,6043.05
2009-07-15,5993.16
2009-07-14,5805.58
2009-07-13,5761.37
2009-07-10,5627.52
2009-07-09,5667.37
2009-07-08,5624.57
2009-07-07,5654.64
2009-07-06,5770.0
2009-07-02,5775.24
2009-07-01,5954.01
2009-06-30,5905.15
2009-06-29,5962.5
2009-06-26,5906.96
2009-06-25,5911.03
2009-06-24,5795.72
2009-06-23,5759.49
2009-06-22,5725.07
2009-06-19,5934.24
2009-06-18,5906.2
2009-06-17,5864.55
2009-06-16,5886.76
2009-06-15,5967.26
2009-06-12,6148.61
2009-06-11,6163.13
2009-06-10,6098.06
2009-06-09,6101.57
2009-06-08,6068.56
2009-06-05,6082.64
2009-06-04,6110.76
2009-06-03,6033.9
2009-06-02,6182.87
2009-06-01,6169.07
2009-05-29,6004.07
2009-05-28,5917.06
2009-05-27,5823.56
2009-05-26,5936.58
2009-05-22,5789.62
2009-05-21,5780.54
2009-05-20,5870.39
2009-05-19,5872.22
2009-05-18,5865.87
2009-05-15,5662.89
2009-05-14,5733.45
2009-05-13,5666.47
2009-05-12,5859.14
2009-05-11,5849.3
2009-05-08,6000.39
2009-05-07,5800.09
2009-05-06,5890.55
2009-05-05,5770.76
2009-05-04,5800.22
2009-05-01,5568.76
2009-04-30,5513.36
2009-04-29,5516.14
2009-04-28,5369.85
2009-04-27,5389.83
2009-04-24,5468.41
2009-04-23,5372.1
2009-04-22,5290.61
2009-04-21,5339.59
2009-04-20,5220.12
2009-04-17,5480.6
2009-04-16,5454.27
2009-04-15,5384.97
2009-04-14,5301.5
2009-04-13,5410.28
2009-04-09,5376.44
2009-04-08,5176.41
2009-04-07,5120.67
2009-04-06,5249.48
2009-04-03,5318.75
2009-04-02,5267.1
2009-04-01,5085.76
2009-03-31,4978.98
2009-03-30,4899.05
2009-03-27,5096.64
2009-03-26,5230.53
2009-03-25,5127.0
2009-03-24,5064.33
2009-03-23,5185.86
2009-03-20,4832.13
2009-03-19,4937.22
2009-03-18,4975.3
2009-03-17,4868.14
2009-03-16,4728.91
2009-03-13,4721.0
2009-03-12,4684.99
2009-03-11,4505.38
2009-03-10,4499.38
2009-03-09,4226.31
2009-03-06,4284.49
2009-03-05,4617.03
2009-03-04,4464.89
2009-03-03,4334.7
2009-03-02,4360.98
2009-02-27,4617.03
2009-02-26,4713.02
2009-02-25,4753.17
2009-02-24,4821.74
2009-02-23,4633.78
2009-02-20,4804.51
2009-02-19,4881.16
2009-02-18,4924.54
2009-02-17,4939.11
2009-02-13,5206.76
2009-02-12,5256.45
2009-02-11,5252.68
2009-02-10,5214.71
2009-02-09,5479.88
2009-02-06,5475.28
2009-02-05,5326.01
2009-02-04,5242.75
2009-02-03,5268.02
2009-02-02,5166.47
2009-01-30,5195.79
2009-01-29,5300.9
2009-01-28,5501.46
2009-01-27,5315.44
2009-01-26,5244.61
2009-01-23,5195.55
2009-01-22,5171.68
2009-01-21,5273.99
2009-01-20,5058.06
2009-01-16,5387.5
2009-01-15,5347.75
2009-01-14,5328.68
2009-01-13,5538.84
2009-01-12,5551.03
2009-01-09,5702.37
2009-01-08,5837.14
2009-01-07,5799.05
2009-01-06,5968.84
2009-01-05,5908.43
2009-01-02,5915.73
2008-12-31,5757.05
2008-12-30,5670.0
2008-12-29,5534.64
2008-12-26,5538.19
2008-12-24,5487.33
2008-12-23,5468.28
2008-12-22,5520.82
2008-12-19,5616.12
2008-12-18,5617.76
2008-12-17,5769.8
2008-12-16,5804.97
2008-12-15,5497.9
2008-12-12,5543.96
2008-12-11,5504.73
2008-12-10,5631.07
2008-12-09,5522.46
2008-12-08,5639.68
2008-12-05,5401.25
2008-12-04,5232.26
2008-12-03,5405.55
2008-12-02,5308.95
2008-12-01,5092.66
2008-11-28,5599.3
2008-11-26,5547.38
2008-11-25,5375.36
2008-11-24,5313.76
2008-11-21,4959.79
2008-11-20,4651.21
2008-11-19,5011.99
2008-11-18,5365.66
2008-11-17,5323.36
2008-11-14,5452.63
2008-11-13,5715.79
2008-11-12,5320.7
2008-11-11,5634.37
2008-11-10,5802.05
2008-11-07,5871.98
2008-11-06,5667.4
2008-11-05,6012.17
2008-11-04,6345.09
2008-11-03,6054.98
2008-10-31,6061.09
2008-10-30,5975.03
2008-10-29,5774.89
2008-10-28,5733.45
2008-10-27,5196.53
2008-10-24,5427.54
2008-10-23,5671.93
2008-10-22,5630.47
2008-10-21,6051.34
2008-10-20,6287.6
2008-10-17,5948.8
2008-10-16,5970.9
2008-10-15,5759.96
2008-10-14,6380.53
2008-10-13,6400.96
2008-10-10,5704.13
2008-10-09,5809.98
2008-10-08,6306.35
2008-10-07,6388.38
2008-10-06,6754.91
2008-10-03,7088.94
2008-10-02,7519.95
2008-10-01,7532.8
2008-09-30,7532.8
2008-09-29,7204.01
2008-09-26,7927.86
2008-09-25,7768.79
2008-09-24,7785.28
2008-09-23,7918.62
2008-09-22,8187.14
2008-09-19,8187.13
2008-09-18,7440.39
2008-09-17,7793.13
2008-09-16,7680.06
2008-09-15,8091.57
2008-09-12,8010.88
2008-09-11,7957.38
2008-09-10,7871.39
2008-09-09,7871.15
2008-09-08,8168.62
2008-09-05,8033.76
2008-09-04,8008.25
2008-09-03,8269.25
2008-09-02,8296.97
2008-08-29,8466.07
2008-08-28,8349.84
2008-08-27,8263.75
2008-08-26,8228.85
2008-08-25,8373.55
2008-08-22,8314.14
2008-08-21,8276.71
2008-08-20,8212.46
2008-08-19,8281.81
2008-08-18,8281.86
2008-08-15,8385.85
2008-08-14,8375.33
2008-08-13,8375.39
2008-08-12,8492.51
2008-08-11,8460.24
2008-08-08,8338.29
2008-08-07,8501.7
2008-08-06,8471.84
2008-08-05,8268.7
2008-08-04,8379.16
2008-08-01,8379.15
2008-07-31,8565.16
2008-07-30,8419.11
2008-07-29,8260.39
2008-07-28,8395.55
2008-07-25,8369.92
2008-07-24,8580.67
2008-07-23,8566.65
2008-07-22,8499.73
2008-07-21,8453.87
2008-07-18,8415.06
2008-07-17,8332.87
2008-07-16,8157.8
2008-07-15,8287.75
2008-07-14,8347.3
2008-07-11,8436.15
2008-07-10,8371.51
2008-07-09,8516.03
2008-07-08,8400.22
2008-07-07,8481.6
2008-07-03,8465.49
2008-07-02,8641.11
2008-07-01,8660.29
2008-06-30,8623.56
2008-06-27,8640.73
2008-06-26,8865.1
2008-06-25,8803.22
2008-06-24,8841.83
2008-06-23,8829.3
2008-06-20,8988.82
2008-06-19,8999.61
2008-06-18,9074.53
2008-06-17,9088.02
2008-06-16,9063.1
2008-06-13,8947.78
2008-06-12,8947.73
2008-06-11,9067.12
2008-06-10,9148.71
2008-06-09,9149.09
2008-06-06,9408.3
2008-06-05,9212.75
2008-06-04,9261.85
2008-06-03,9316.62
2008-06-02,9401.1
2008-05-30,9371.96
2008-05-29,9634.33
2008-05-28,9314.03
2008-05-27,9315.7
2008-05-23,9433.39
2008-05-22,9397.07
2008-05-21,9536.0
2008-05-20,9602.78
2008-05-19,9603.03
2008-05-16,9553.61
2008-05-15,9437.11
2008-05-14,9410.48
2008-05-13,9418.06
2008-05-12,9417.97
2008-05-09,9388.3
2008-05-08,9339.47
2008-05-07,9510.97
2008-05-06,9438.35
2008-05-05,9451.23
2008-05-02,9395.08
2008-05-01,9299.6
2008-04-30,9285.86
2008-04-29,9349.6
2008-04-28,9348.86
2008-04-25,9250.22
2008-04-24,9237.33
2008-04-23,9227.97
2008-04-22,9312.35
2008-04-21,9310.25
2008-04-18,9173.85
2008-04-17,9203.76
2008-04-16,8979.83
2008-04-15,8922.84
2008-04-14,8936.33
2008-04-11,9096.86
2008-04-10,9074.86
2008-04-09,9150.37
2008-04-08,9165.3
2008-04-07,9157.53
2008-04-04,9140.65
2008-04-03,9104.29
2008-04-02,9088.15
2008-04-01,8797.16
2008-03-31,8761.87
2008-03-28,8817.29
2008-03-27,8881.77
2008-03-26,8936.23
2008-03-25,8859.24
2008-03-24,8717.54
2008-03-20,8549.51
2008-03-19,8826.54
2008-03-18,8489.39
2008-03-17,8634.42
2008-03-14,8827.08
2008-03-13,8781.22
2008-03-12,8842.66
2008-03-11,8534.48
2008-03-10,8676.28
2008-03-07,8765.02
2008-03-06,8962.33
2008-03-05,8891.44
2008-03-04,8970.26
2008-03-03,8962.46
2008-02-29,9221.88
2008-02-28,9292.68
2008-02-27,9302.43
2008-02-26,9209.5
2008-02-25,9064.83
2008-02-22,8977.77
2008-02-21,9074.05
2008-02-20,9022.98
2008-02-19,8970.84
2008-02-15,8968.41
2008-02-14,9073.49
2008-02-13,8965.36
2008-02-12,8868.26
2008-02-11,8823.11
2008-02-08,8859.04
2008-02-07,8819.72
2008-02-06,8874.61
2008-02-05,9201.54
2008-02-04,9277.59
2008-02-01,9126.17
2008-01-31,8994.08
2008-01-30,9045.97
2008-01-29,8978.41
2008-01-28,8827.63
2008-01-25,8942.31
2008-01-24,8805.53
2008-01-23,8661.06
2008-01-22,8794.86
2008-01-18,8818.95
2008-01-17,9073.42
2008-01-16,9172.16
2008-01-15,9439.33
2008-01-14,9347.57
2008-01-11,9490.76
2008-01-10,9424.68
2008-01-09,9326.1
2008-01-08,9462.68
2008-01-07,9431.96
2008-01-04,9655.92
2008-01-03,9647.51
2008-01-02,9740.31
2007-12-31,9803.83
2007-12-28,9779.49
2007-12-27,9882.84
2007-12-26,9873.42
2007-12-24,9873.48
2007-12-21,9622.27
2007-12-20,9586.07
2007-12-19,9602.55
2007-12-18,9528.68
2007-12-17,9698.36
2007-12-14,9863.81
2007-12-13,9921.52
2007-12-12,9838.26
2007-12-11,10104.55
2007-12-10,10023.8
2007-12-07,10030.21
2007-12-06,9887.5
2007-12-05,9747.74
2007-12-04,9811.79
2007-12-03,9856.74
2007-11-30,9773.57
2007-11-29,9791.0
2007-11-28,9522.03
2007-11-27,9389.53
2007-11-26,9582.94
2007-11-23,9405.19
2007-11-21,9574.95
2007-11-20,9497.33
2007-11-19,9701.2
2007-11-16,9652.65
2007-11-15,9809.05
2007-11-14,9861.01
2007-11-13,9570.71
2007-11-12,9733.34
2007-11-09,9875.8
2007-11-08,9830.19
2007-11-07,10102.42
2007-11-06,9959.03
2007-11-05,10051.99
2007-11-02,10022.27
2007-11-01,10311.55
2007-10-31,10165.45
2007-10-30,10256.16
2007-10-29,10189.14
2007-10-26,10029.56
2007-10-25,10009.31
2007-10-24,10040.76
2007-10-23,9930.78
2007-10-22,9919.86
2007-10-19,10174.59
2007-10-18,10165.22
2007-10-17,10125.4
2007-10-16,10216.3
2007-10-15,10216.29
2007-10-12,10245.25
2007-10-11,10264.51
2007-10-10,10279.94
2007-10-09,10186.43
2007-10-08,10247.97
2007-10-05,10142.93
2007-10-04,10101.02
2007-10-03,10175.83
2007-10-02,10184.55
2007-10-01,10039.3
2007-09-28,10056.95
2007-09-27,9980.32
2007-09-26,9933.91
2007-09-25,9946.13
2007-09-24,9981.82
2007-09-21,9936.66
2007-09-20,9970.85
2007-09-19,9909.11
2007-09-18,9607.79
2007-09-17,9673.65
2007-09-14,9678.14
2007-09-13,9598.74
2007-09-12,9597.61
2007-09-11,9457.68
2007-09-10,9486.44
2007-09-07,9637.47
2007-09-06,9583.2
2007-09-05,9698.68
2007-09-04,9597.01
2007-08-31,9456.67
2007-08-30,9508.92
2007-08-29,9289.5
2007-08-28,9528.71
2007-08-27,9607.04
2007-08-24,9478.6
2007-08-23,9477.13
2007-08-22,9332.54
2007-08-21,9326.21
2007-08-20,9315.05
2007-08-17,9087.75
2007-08-16,9089.04
2007-08-15,9254.28
2007-08-14,9428.8
2007-08-13,9435.2
2007-08-10,9449.0
2007-08-09,9723.8
2007-08-08,9610.2
2007-08-07,9543.8
2007-08-06,9371.0
2007-08-03,9619.4
2007-08-02,9577.4
2007-08-01,9551.5
2007-07-31,9623.3
2007-07-30,9508.1
2007-07-27,9654.9
2007-07-26,9920.0
2007-07-25,9919.1
2007-07-24,10121.5
2007-07-23,10073.3
2007-07-20,10192.8
2007-07-19,10158.6
2007-07-18,10148.3
2007-07-17,10188.4
2007-07-16,10215.4
2007-07-13,10197.6
2007-07-12,10019.2
2007-07-11,9950.6
2007-07-10,10099.4
2007-07-09,10075.5
2007-07-06,10026.3
2007-07-05,10032.5
2007-07-03,10002.9
2007-07-02,9879.3
2007-06-29,9865.9
2007-06-28,9848.8
2007-06-27,9766.5
2007-06-26,9807.8
2007-06-25,9850.6
2007-06-22,9957.0
2007-06-21,9905.3
2007-06-20,10030.6
2007-06-19,10005.4
2007-06-18,10005.5
2007-06-15,9927.0
2007-06-14,9867.1
2007-06-13,9724.8
2007-06-12,9841.5
2007-06-11,9823.4
2007-06-08,9721.1
2007-06-07,9890.3
2007-06-06,10001.2
2007-06-05,9999.46
2007-06-04,10063.17
2007-06-01,9978.74
2007-05-31,9963.69
2007-05-30,9892.13
2007-05-29,9876.12
2007-05-25,9812.55
2007-05-24,9916.16
2007-05-23,9900.95
2007-05-22,9897.01
2007-05-21,9893.99
2007-05-18,9818.99
2007-05-17,9825.41
2007-05-16,9769.47
2007-05-15,9766.42
2007-05-14,9787.04
2007-05-11,9677.22
2007-05-10,9827.92
2007-05-09,9787.99
2007-05-08,9825.06
2007-05-07,9793.01
2007-05-04,9753.96
2007-05-03,9717.99
2007-05-02,9641.19
2007-05-01,9634.01
2007-04-30,9708.41
2007-04-27,9715.32
2007-04-26,9746.11
2007-04-25,9655.14
2007-04-24,9660.49
2007-04-23,9697.27
2007-04-20,9601.7
2007-04-19,9634.84
2007-04-18,9631.68
2007-04-17,9625.59
2007-04-16,9527.23
2007-04-13,9477.79
2007-04-12,9412.44
2007-04-11,9468.71
2007-04-10,9429.25
2007-04-09,9426.63
2007-04-05,9398.57
2007-04-04,9381.47
2007-04-03,9305.65
2007-04-02,9261.84
2007-03-30,9279.14
2007-03-29,9230.49
2007-03-28,9282.84
2007-03-27,9341.35
2007-03-26,9338.43
2007-03-23,9313.81
2007-03-22,9317.71
2007-03-21,9158.75
2007-03-20,9091.09
2007-03-19,8983.1
2007-03-16,9005.34
2007-03-15,8958.67
2007-03-14,8926.96
2007-03-13,9120.98
2007-03-12,9094.79
2007-03-11,9094.79
2007-03-09,9086.91
2007-03-08,8999.57
2007-03-07,9005.21
2007-03-06,8848.79
2007-03-05,8957.95
2007-03-02,9070.11
2007-03-01,9118.62
2007-02-28,9079.42
2007-02-27,9421.25
2007-02-26,9420.19
2007-02-23,9433.09
2007-02-22,9433.42
2007-02-21,9453.71
2007-02-20,9432.87
2007-02-16,9433.65
2007-02-15,9435.26
2007-02-14,9354.71
2007-02-13,9258.33
2007-02-12,9291.64
2007-02-09,9345.56
2007-02-08,9349.16
2007-02-07,9345.24
2007-02-06,9312.99
2007-02-05,9325.26
2007-02-02,9327.71
2007-02-01,9254.84
2007-01-31,9205.84
2007-01-30,9140.39
2007-01-29,9154.11
2007-01-26,9154.65
2007-01-25,9268.46
2007-01-24,9199.77
2007-01-23,9129.84
2007-01-22,9130.92
2007-01-19,9179.53
2007-01-18,9149.31
2007-01-17,9139.71
2007-01-16,9138.7
2007-01-12,9063.62
2007-01-11,9003.16
2007-01-10,9018.16
2007-01-09,9041.1
2007-01-08,9025.13
2007-01-05,9111.29
2007-01-04,9132.25
2007-01-03,9137.96
2006-12-29,9170.5
2006-12-28,9178.11
2006-12-27,9102.55
2006-12-26,9062.15
2006-12-22,9103.59
2006-12-21,9128.91
2006-12-20,9139.45
2006-12-19,9105.02
2006-12-18,9140.41
2006-12-15,9147.22
2006-12-14,9082.12
2006-12-13,9059.27
2006-12-12,9066.61
2006-12-11,9042.5
2006-12-08,9040.97
2006-12-07,9047.96
2006-12-06,9064.9
2006-12-05,9064.93
2006-12-04,9019.03
2006-12-01,8969.46
2006-11-30,8947.2
2006-11-29,8947.17
2006-11-28,8851.64
2006-11-27,8820.59
2006-11-24,8933.43
2006-11-22,8948.94
2006-11-21,8918.08
2006-11-20,8884.17
2006-11-17,8897.17
2006-11-16,8894.48
2006-11-15,8901.55
2006-11-14,8880.47
2006-11-13,8823.98
2006-11-10,8827.98
2006-11-09,8857.48
2006-11-08,8835.1
2006-11-07,8820.11
2006-11-06,8716.72
2006-11-03,8722.66
2006-11-02,8716.42
2006-11-01,8780.97
2006-10-31,8768.67
2006-10-30,8778.57
2006-10-27,8845.31
2006-10-26,8795.77
2006-10-25,8748.35
2006-10-24,8736.57
2006-10-23,8693.78
2006-10-20,8700.83
2006-10-19,8663.52
2006-10-18,8646.27
2006-10-17,8689.73
2006-10-16,8645.37
2006-10-13,8626.76
2006-10-12,8540.78
2006-10-11,8563.61
2006-10-10,8538.58
2006-10-09,8532.82
2006-10-06,8566.12
2006-10-05,8538.59
2006-10-04,8445.23
2006-10-03,8461.39
2006-10-02,8469.67
2006-09-29,8490.38
2006-09-28,8477.48
2006-09-27,8451.78
2006-09-26,8398.58
2006-09-25,8348.41
2006-09-22,8371.29
2006-09-21,8391.99
2006-09-20,8351.29
2006-09-19,8390.49
2006-09-18,8363.46
2006-09-15,8357.83
2006-09-14,8382.68
2006-09-13,8346.97
2006-09-12,8262.29
2006-09-11,8294.06
2006-09-08,8289.43
2006-09-07,8345.19
2006-09-06,8452.91
2006-09-05,8434.72
2006-09-01,8388.68
2006-08-31,8388.34
2006-08-30,8383.62
2006-08-29,8360.53
2006-08-28,8318.04
2006-08-25,8327.66
2006-08-24,8320.26
2006-08-23,8364.15
2006-08-22,8361.71
2006-08-21,8378.07
2006-08-18,8354.08
2006-08-17,8357.36
2006-08-16,8296.03
2006-08-15,8177.47
2006-08-14,8167.07
2006-08-11,8209.66
2006-08-10,8192.61
2006-08-09,8210.29
2006-08-08,8238.56
2006-08-07,8270.79
2006-08-04,8262.47
2006-08-03,8258.11
2006-08-02,8206.11
2006-08-01,8242.23
2006-07-31,8255.02
2006-07-28,8149.95
2006-07-27,8164.27
2006-07-26,8149.76
2006-07-25,8099.92
2006-07-24,7953.15
2006-07-21,8007.59
2006-07-20,8076.69
2006-07-19,7898.39
2006-07-18,7892.88
2006-07-17,7947.69
2006-07-14,7992.02
2006-07-13,8113.06
2006-07-12,8206.27
2006-07-11,8174.11
2006-07-10,8154.94
2006-07-07,8197.81
2006-07-06,8163.85
2006-07-05,8237.53
2006-07-03,8176.26
2006-06-30,8138.84
2006-06-29,7929.71
2006-06-28,7886.5
2006-06-27,7967.41
2006-06-26,7925.93
2006-06-23,7920.22
2006-06-22,7953.57
2006-06-21,7860.28
2006-06-20,7850.28
2006-06-19,7933.88
2006-06-16,7973.8
2006-06-15,7781.92
2006-06-14,7719.69
2006-06-13,7855.46
2006-06-12,7965.29
2006-06-09,7992.5
2006-06-08,8037.08
2006-06-07,8100.77
2006-06-06,8145.7
2006-06-05,8305.22
2006-06-02,8270.89
2006-06-01,8189.88
2006-05-31,8114.74
2006-05-30,8238.12
2006-05-26,8187.42
2006-05-25,8063.11
2006-05-24,8094.64
2006-05-23,8098.04
2006-05-22,8176.01
2006-05-19,8148.15
2006-05-18,8200.61
2006-05-17,8384.93
2006-05-16,8383.0
2006-05-15,8411.25
2006-05-12,8526.76
2006-05-11,8631.42
2006-05-10,8642.89
2006-05-09,8620.87
2006-05-08,8629.19
2006-05-05,8531.62
2006-05-04,8497.39
2006-05-03,8541.76
2006-05-02,8461.93
2006-05-01,8474.88
2006-04-28,8440.73
2006-04-27,8429.74
2006-04-26,8405.94
2006-04-25,8440.57
2006-04-24,8458.48
2006-04-21,8422.24
2006-04-20,8431.22
2006-04-19,8389.43
2006-04-18,8242.13
2006-04-17,8227.94
2006-04-13,8220.56
2006-04-12,8216.09
2006-04-11,8282.79
2006-04-10,8270.68
2006-04-07,8359.71
2006-04-06,8367.31
2006-04-05,8324.76
2006-04-04,8270.1
2006-04-03,8233.23
2006-03-31,8271.86
2006-03-30,8249.63
2006-03-29,8176.43
2006-03-28,8230.98
2006-03-27,8252.38
2006-03-24,8227.03
2006-03-23,8255.81
2006-03-22,8198.7
2006-03-21,8254.16
2006-03-20,8271.58
2006-03-17,8262.13
2006-03-16,8236.7
2006-03-15,8197.64
2006-03-14,8114.1
2006-03-13,8082.12
2006-03-10,8007.79
2006-03-09,8027.56
2006-03-08,8017.32
2006-03-07,8020.46
2006-03-06,8122.8
2006-03-03,8122.31
2006-03-02,8125.94
2006-03-01,8060.45
2006-02-28,8139.64
2006-02-27,8127.09
2006-02-24,8108.1
2006-02-23,8128.19
2006-02-22,8082.64
2006-02-21,8092.27
2006-02-17,8086.76
2006-02-16,8020.36
2006-02-15,8021.54
2006-02-14,7947.82
2006-02-13,7976.5
2006-02-10,7980.83
2006-02-09,7976.85
2006-02-08,7932.86
2006-02-07,8019.89
2006-02-06,8001.41
2006-02-03,8037.95
2006-02-02,8111.29
2006-02-01,8106.45
2006-01-31,8104.52
2006-01-30,8096.34
2006-01-27,8044.09
2006-01-26,7970.53
2006-01-25,7976.69
2006-01-24,7953.81
2006-01-23,7902.38
2006-01-20,8018.64
2006-01-19,7953.63
2006-01-18,7992.56
2006-01-17,8025.93
2006-01-16,8025.94
2006-01-13,8008.2
2006-01-12,8063.48
2006-01-11,8031.81
2006-01-10,8052.11
2006-01-09,8031.69
2006-01-06,7946.48
2006-01-05,7962.02
2006-01-04,7912.4
2006-01-03,7753.97
2005-12-30,7788.11
2005-12-29,7795.75
2005-12-28,7771.05
2005-12-27,7841.89
2005-12-23,7833.8
2005-12-22,7806.7
2005-12-21,7780.84
2005-12-20,7779.1
2005-12-19,7812.9
2005-12-16,7815.75
2005-12-15,7852.6
2005-12-14,7825.01
2005-12-13,7791.44
2005-12-12,7762.63
2005-12-09,7745.49
2005-12-08,7732.68
2005-12-07,7775.64
2005-12-06,7766.97
2005-12-05,7760.77
2005-12-02,7752.9
2005-12-01,7645.47
2005-11-30,7692.7
2005-11-29,7688.7
2005-11-28,7745.43
2005-11-25,7743.36
2005-11-23,7715.36
2005-11-22,7673.81
2005-11-21,7634.77
2005-11-18,7611.3
2005-11-17,7518.59
2005-11-16,7509.41
2005-11-15,7549.08
2005-11-14,7561.45
2005-11-11,7530.1
2005-11-10,7501.1
2005-11-09,7489.73
2005-11-08,7519.44
2005-11-07,7507.47
2005-11-04,7534.82
2005-11-03,7509.81
2005-11-02,7425.19
2005-11-01,7433.05
2005-10-31,7369.53
2005-10-28,7267.63
2005-10-27,7334.47
2005-10-26,7361.81
2005-10-25,7374.35
2005-10-24,7259.75
2005-10-21,7236.79
2005-10-20,7363.06
2005-10-19,7275.19
2005-10-18,7366.29
2005-10-17,7363.65
2005-10-14,7293.13
2005-10-13,7322.72
2005-10-12,7380.8
2005-10-11,7386.29
2005-10-10,7435.72
2005-10-07,7399.66
2005-10-06,7437.25
2005-10-05,7558.08
2005-10-04,7626.24
2005-10-03,7633.4
2005-09-30,7632.38
2005-09-29,7574.17
2005-09-28,7553.54
2005-09-27,7556.5
2005-09-26,7525.09
2005-09-23,7519.65
2005-09-22,7515.03
2005-09-21,7562.74
2005-09-20,7612.47
2005-09-19,7646.27
2005-09-16,7583.17
2005-09-15,7577.79
2005-09-14,7578.24
2005-09-13,7637.55
2005-09-12,7663.81
2005-09-09,7595.32
2005-09-08,7624.44
2005-09-07,7618.97
2005-09-06,7531.14
2005-09-02,7543.96
2005-09-01,7496.11
2005-08-31,7397.05
2005-08-30,7413.97
2005-08-29,7378.87
2005-08-26,7434.6
2005-08-25,7417.82
2005-08-24,7453.79
2005-08-23,7486.5
2005-08-22,7458.77
2005-08-19,7434.94
2005-08-18,7461.63
2005-08-17,7480.17
2005-08-16,7564.79
2005-08-15,7558.21
2005-08-12,7589.77
2005-08-11,7528.4
2005-08-10,7505.66
2005-08-09,7453.54
2005-08-08,7456.33
2005-08-05,7515.19
2005-08-04,7566.36
2005-08-03,7556.43
2005-08-02,7502.09
2005-08-01,7477.15
2005-07-29,7516.77
2005-07-28,7465.45
2005-07-27,7428.31
2005-07-26,7423.35
2005-07-25,7447.17
2005-07-22,7412.4
2005-07-21,7453.22
2005-07-20,7413.71
2005-07-19,7372.45
2005-07-18,7402.03
2005-07-15,7403.12
2005-07-14,7400.81
2005-07-13,7407.41
2005-07-12,7382.53
2005-07-11,7330.62
2005-07-08,7254.51
2005-07-07,7208.17
2005-07-06,7289.4
2005-07-05,7245.57
2005-07-01,7217.84
2005-06-30,7262.28
2005-06-29,7267.86
2005-06-28,7210.31
2005-06-27,7208.97
2005-06-24,7246.65
2005-06-23,7320.12
2005-06-22,7314.33
2005-06-21,7325.82
2005-06-20,7346.31
2005-06-17,7346.32
2005-06-16,7289.76
2005-06-15,7235.5
2005-06-14,7213.03
2005-06-13,7199.68
2005-06-10,7212.29
2005-06-09,7180.07
2005-06-08,7199.34
2005-06-07,7184.52
2005-06-06,7169.36
2005-06-03,7205.77
2005-06-02,7206.08
2005-06-01,7134.32
2005-05-31,7185.08
2005-05-27,7164.42
2005-05-26,7129.29
2005-05-25,7153.39
2005-05-24,7155.91
2005-05-23,7120.52
2005-05-20,7140.97
2005-05-19,7113.13
2005-05-18,7034.82
2005-05-17,6996.1
2005-05-16,6937.51
2005-05-13,6989.8
2005-05-12,7079.85
2005-05-11,7067.06
2005-05-10,7066.81
2005-05-09,7144.6
2005-05-06,7117.31
2005-05-05,7125.66
2005-05-04,7032.4
2005-05-03,7042.8
2005-05-02,7008.37
2005-04-29,7008.32
2005-04-28,6935.31
2005-04-27,7010.21
2005-04-26,7011.21
2005-04-25,7071.86
2005-04-22,7015.85
2005-04-21,7049.18
2005-04-20,6937.6
2005-04-19,7030.74
2005-04-18,6969.09
2005-04-15,6958.35
2005-04-14,7063.74
2005-04-13,7133.99
2005-04-12,7208.04
2005-04-11,7189.42
2005-04-08,7181.5
2005-04-07,7227.08
2005-04-06,7191.18
2005-04-05,7170.9
2005-04-04,7137.53
2005-04-01,7136.36
2005-03-31,7167.53
2005-03-30,7158.5
2005-03-29,7070.53
2005-03-28,7131.52
2005-03-24,7128.8
2005-03-23,7127.18
2005-03-22,7158.97
2005-03-21,7229.2
2005-03-18,7276.84
2005-03-17,7284.31
2005-03-16,7264.47
2005-03-15,7310.41
2005-03-14,7353.89
2005-03-11,7330.43
2005-03-10,7354.98
2005-03-09,7354.74
2005-03-08,7426.17
2005-03-07,7440.31
2005-03-04,7441.18
2005-03-03,7357.12
2005-03-02,7343.14
2005-03-01,7351.03
2005-02-28,7321.23
2005-02-25,7361.89
2005-02-24,7283.28
2005-02-23,7243.28
2005-02-22,7211.17
2005-02-18,7287.47
2005-02-17,7272.54
2005-02-16,7306.76
2005-02-15,7303.96
2005-02-14,7280.37
2005-02-11,7261.64
2005-02-10,7210.65
2005-02-09,7161.99
2005-02-08,7207.45
2005-02-07,7200.91
2005-02-04,7217.43
2005-02-03,7148.32
2005-02-02,7169.39
2005-02-01,7146.21
2005-01-31,7089.83
2005-01-28,7031.99
2005-01-27,7048.97
2005-01-26,7046.4
2005-01-25,6998.64
2005-01-24,6984.03
2005-01-21,6996.56
2005-01-20,7010.47
2005-01-19,7059.27
2005-01-18,7114.53
2005-01-14,7066.22
2005-01-13,7028.67
2005-01-12,7075.64
2005-01-11,7044.11
2005-01-10,7081.7
2005-01-07,7057.51
2005-01-06,7076.94
2005-01-05,7055.21
2005-01-04,7090.52
2005-01-03,7179.71
2004-12-31,7250.06
2004-12-30,7253.56
2004-12-29,7242.24
2004-12-28,7245.81
2004-12-27,7197.27
2004-12-23,7208.78
2004-12-22,7190.14
2004-12-21,7167.03
2004-12-20,7116.98
2004-12-17,7098.15
2004-12-16,7131.98
2004-12-15,7159.65
2004-12-14,7124.61
2004-12-13,7102.41
2004-12-10,7028.51
2004-12-09,7048.1
2004-12-08,7029.97
2004-12-07,7014.72
2004-12-06,7082.58
2004-12-03,7092.62
2004-12-02,7074.82
2004-12-01,7097.32
2004-11-30,7005.72
2004-11-29,7032.23
2004-11-26,7046.69
2004-11-24,7016.35
2004-11-23,6985.3
2004-11-22,6979.79
2004-11-19,6947.19
2004-11-18,7002.91
2004-11-17,7013.46
2004-11-16,6959.3
2004-11-15,7003.06
2004-11-12,7014.18
2004-11-11,6950.97
2004-11-10,6891.22
2004-11-09,6886.34
2004-11-08,6890.0
2004-11-05,6906.23
2004-11-04,6885.2
2004-11-03,6787.4
2004-11-02,6701.47
2004-11-01,6699.86
2004-10-29,6692.71
2004-10-28,6670.5
2004-10-27,6665.87
2004-10-26,6598.45
2004-10-25,6520.9
2004-10-22,6521.32
2004-10-21,6563.49
2004-10-20,6539.48
2004-10-19,6530.39
2004-10-18,6572.37
2004-10-15,6559.38
2004-10-14,6516.1
2004-10-13,6556.53
2004-10-12,6609.71
2004-10-11,6643.17
2004-10-08,6636.42
2004-10-07,6654.22
2004-10-06,6717.43
2004-10-05,6679.25
2004-10-04,6677.75
2004-10-01,6663.18
2004-09-30,6570.25
2004-09-29,6560.68
2004-09-28,6543.39
2004-09-27,6496.37
2004-09-24,6531.37
2004-09-23,6521.43
2004-09-22,6548.56
2004-09-21,6633.22
2004-09-20,6565.9
2004-09-17,6604.0
2004-09-16,6574.61
2004-09-15,6546.32
2004-09-14,6594.21
2004-09-13,6581.81
2004-09-10,6568.3
2004-09-09,6544.31
2004-09-08,6534.09
2004-09-07,6555.64
2004-09-03,6510.44
2004-09-02,6535.05
2004-09-01,6469.86
2004-08-31,6454.22
2004-08-30,6414.54
2004-08-27,6455.52
2004-08-26,6439.8
2004-08-25,6431.79
2004-08-24,6382.51
2004-08-23,6385.44
2004-08-20,6414.67
2004-08-19,6372.63
2004-08-18,6386.73
2004-08-17,6320.25
2004-08-16,6315.95
2004-08-13,6234.84
2004-08-12,6217.06
2004-08-11,6278.6
2004-08-10,6295.11
2004-08-09,6227.55
2004-08-06,6225.83
2004-08-05,6295.1
2004-08-04,6385.06
2004-08-03,6402.71
2004-08-02,6426.4
2004-07-30,6403.15
2004-07-29,6394.07
2004-07-28,6357.77
2004-07-27,6347.6
2004-07-26,6297.64
2004-07-23,6324.1
2004-07-22,6390.63
2004-07-21,6390.21
2004-07-20,6473.03
2004-07-19,6446.66
2004-07-16,6456.02
2004-07-15,6457.12
2004-07-14,6488.8
2004-07-13,6504.6
2004-07-12,6503.78
2004-07-09,6500.4
2004-07-08,6473.58
2004-07-07,6518.71
2004-07-06,6497.53
2004-07-02,6542.36
2004-07-01,6544.76
2004-06-30,6602.99
2004-06-29,6574.52
2004-06-28,6571.58
2004-06-25,6571.2
2004-06-24,6597.56
2004-06-23,6602.34
2004-06-22,6553.81
2004-06-21,6545.16
2004-06-18,6566.58
2004-06-17,6546.01
2004-06-16,6535.37
2004-06-15,6526.03
2004-06-14,6465.21
2004-06-10,6556.97
2004-06-09,6525.52
2004-06-08,6603.42
2004-06-07,6610.89
2004-06-04,6503.88
2004-06-03,6456.71
2004-06-02,6506.34
2004-06-01,6487.25
2004-05-28,6484.72
2004-05-27,6492.3
2004-05-26,6435.14
2004-05-25,6429.32
2004-05-24,6334.13
2004-05-21,6308.12
2004-05-20,6277.12
2004-05-19,6287.16
2004-05-18,6276.53
2004-05-17,6231.19
2004-05-14,6293.34
2004-05-13,6294.58
2004-05-12,6311.14
2004-05-11,6300.96
2004-05-10,6251.82
2004-05-07,6364.07
2004-05-06,6483.09
2004-05-05,6554.02
2004-05-04,6531.24
2004-05-03,6488.75
2004-04-30,6439.42
2004-04-29,6452.23
2004-04-28,6500.21
2004-04-27,6612.7
2004-04-26,6597.7
2004-04-23,6616.88
2004-04-22,6633.3
2004-04-21,6546.77
2004-04-20,6527.12
2004-04-19,6620.05
2004-04-16,6616.93
2004-04-15,6569.46
2004-04-14,6551.17
2004-04-13,6583.63
2004-04-12,6683.65
2004-04-08,6655.71
2004-04-07,6675.4
2004-04-06,6694.14
2004-04-05,6715.09
2004-04-02,6680.33
2004-04-01,6644.34
2004-03-31,6599.06
2004-03-30,6586.63
2004-03-29,6553.56
2004-03-26,6469.57
2004-03-25,6464.42
2004-03-24,6375.67
2004-03-23,6418.32
2004-03-22,6404.27
2004-03-19,6501.53
2004-03-18,6561.17
2004-03-17,6567.72
2004-03-16,6489.71
2004-03-15,6445.12
2004-03-12,6545.96
2004-03-11,6480.55
2004-03-10,6591.72
2004-03-09,6698.07
2004-03-08,6741.38
2004-03-05,6780.03
2004-03-04,6742.75
2004-03-03,6718.33
2004-03-02,6717.13
2004-03-01,6766.56
2004-02-27,6692.37
2004-02-26,6677.66
2004-02-25,6670.27
2004-02-24,6654.88
2004-02-23,6665.5
2004-02-20,6676.71
2004-02-19,6715.3
2004-02-18,6719.14
2004-02-17,6770.27
2004-02-13,6691.4
2004-02-12,6716.19
2004-02-11,6751.05
2004-02-10,6677.04
2004-02-09,6641.82
2004-02-06,6632.67
2004-02-05,6544.28
2004-02-04,6526.1
2004-02-03,6574.82
2004-02-02,6568.7
2004-01-30,6551.63
2004-01-29,6555.71
2004-01-28,6555.97
2004-01-27,6639.78
2004-01-26,6672.04
2004-01-23,6626.82
2004-01-22,6657.09
2004-01-21,6658.32
2004-01-20,6599.48
2004-01-16,6567.68
2004-01-15,6550.04
2004-01-14,6559.81
2004-01-13,6509.45
2004-01-12,6543.68
2004-01-09,6526.17
2004-01-08,6569.32
2004-01-07,6525.3
2004-01-06,6541.15
2004-01-05,6534.58
2004-01-02,6451.26
2003-12-30,6443.6
2003-12-29,6442.2
2003-12-26,6364.34
2003-12-24,6350.34
2003-12-23,6337.48
2003-12-22,6321.84
2003-12-19,6284.3
2003-12-18,6288.05
2003-12-17,6215.99
2003-12-16,6207.05
2003-12-15,6172.02
2003-12-12,6196.29
2003-12-11,6176.85
2003-12-10,6108.65
2003-12-09,6137.17
2003-12-08,6166.17
2003-12-05,6122.89
2003-12-04,6153.9
2003-12-03,6142.78
2003-12-02,6139.62
2003-12-01,6147.35
2003-11-28,6073.02
2003-11-26,6068.77
2003-11-25,6033.19
2003-11-24,6016.09
2003-11-21,5942.32
2003-11-20,5924.78
2003-11-19,5967.13
2003-11-18,5939.05
2003-11-17,5963.35
2003-11-14,6010.73
2003-11-13,6036.81
2003-11-12,6018.94
2003-11-11,5941.2
2003-11-10,5950.68
2003-11-07,5989.17
2003-11-06,5985.24
2003-11-05,5966.58
2003-11-04,5975.92
2003-11-03,5995.98
2003-10-31,5959.01
2003-10-30,5951.37
2003-10-29,5952.39
2003-10-28,5945.93
2003-10-27,5870.18
2003-10-24,5851.14
2003-10-23,5864.33
2003-10-22,5858.13
2003-10-21,5937.99
2003-10-20,5930.68
2003-10-17,5907.12
2003-10-16,5952.25
2003-10-15,5935.61
2003-10-14,5960.28
2003-10-13,5940.75
2003-10-10,5897.0
2003-10-09,5886.89
2003-10-08,5855.34
2003-10-07,5876.56
2003-10-06,5858.02
2003-10-03,5831.78
2003-10-02,5779.96
2003-10-01,5768.32
2003-09-30,5644.03
2003-09-29,5685.35
2003-09-26,5644.14
2003-09-25,5679.63
2003-09-24,5712.62
2003-09-23,5794.22
2003-09-22,5771.1
2003-09-19,5847.88
2003-09-18,5855.97
2003-09-17,5787.09
2003-09-16,5800.18
2003-09-15,5730.44
2003-09-12,5749.26
2003-09-11,5734.51
2003-09-10,5708.23
2003-09-09,5766.18
2003-09-08,5805.6
2003-09-05,5747.68
2003-09-04,5768.55
2003-09-03,5759.8
2003-09-02,5732.27
2003-08-29,5660.16
2003-08-28,5639.15
2003-08-27,5605.73
2003-08-26,5597.49
2003-08-25,5585.64
2003-08-22,5594.93
2003-08-21,5656.87
2003-08-20,5645.14
2003-08-19,5657.8
2003-08-18,5652.01
2003-08-15,5616.36
2003-08-14,5610.48
2003-08-13,5569.62
2003-08-12,5594.9
2003-08-11,5552.29
2003-08-08,5526.42
2003-08-07,5499.99
2003-08-06,5460.91
2003-08-05,5451.02
2003-08-04,5515.68
2003-08-01,5505.73
2003-07-31,5558.99
2003-07-30,5557.53
2003-07-29,5570.59
2003-07-28,5606.61
2003-07-25,5611.02
2003-07-24,5531.61
2003-07-23,5538.62
2003-07-22,5527.11
2003-07-21,5483.61
2003-07-18,5555.26
2003-07-17,5484.19
2003-07-16,5552.51
2003-07-15,5583.85
2003-07-14,5625.3
2003-07-11,5588.79
2003-07-10,5544.79
2003-07-09,5642.44
2003-07-08,5642.44
2003-07-07,5639.16
2003-07-04,5558.46
2003-07-03,5558.46
2003-07-02,5590.55
2003-07-01,5526.48
2003-06-30,5505.17
2003-06-27,5509.61
2003-06-26,5555.84
2003-06-25,5523.35
2003-06-24,5551.19
2003-06-23,5549.09
2003-06-19,5627.43
2003-06-18,5706.06
2003-06-17,5722.85
2003-06-16,5714.41
2003-06-13,5598.61
2003-06-12,5650.66
2003-06-11,5646.77
2003-06-10,5564.37
2003-06-09,5520.08
2003-06-06,5583.08
2003-06-05,5585.5
2003-06-04,5558.42
2003-06-03,5481.59
2003-06-02,5470.02
2003-05-30,5435.37
2003-05-29,5366.23
2003-05-28,5377.73
2003-05-27,5367.44
2003-05-23,5288.45
2003-05-22,5273.51
2003-05-21,5223.22
2003-05-20,5204.9
2003-05-19,5196.51
2003-05-16,5321.71
2003-05-15,5312.55
2003-05-14,5279.47
2003-05-13,5283.76
2003-05-12,5300.22
2003-05-09,5242.84
2003-05-08,5174.51
2003-05-07,5226.7
2003-05-06,5259.06
2003-05-05,5207.13
2003-05-02,5201.1
2003-05-01,5126.8
2003-04-30,5131.56
2003-04-29,5117.1
2003-04-28,5108.24
2003-04-25,5017.62
2003-04-24,5085.3
2003-04-23,5135.12
2003-04-22,5101.81
2003-04-21,5004.98
2003-04-17,5006.32
2003-04-16,4932.6
2003-04-15,4995.25
2003-04-14,4956.28
2003-04-11,4875.63
2003-04-10,4887.41
2003-04-09,4870.57
2003-04-08,4917.6
2003-04-07,4923.27
2003-04-04,4898.05
2003-04-03,4870.29
2003-04-02,4897.97
2003-04-01,4793.56
2003-03-31,4730.21
2003-03-28,4809.1
2003-03-27,4829.71
2003-03-26,4844.63
2003-03-25,4862.01
2003-03-24,4801.58
2003-03-21,4970.94
2003-03-20,4856.44
2003-03-19,4845.37
2003-03-18,4800.16
2003-03-17,4783.95
2003-03-14,4641.63
2003-03-13,4625.21
2003-03-12,4486.7
2003-03-11,4499.64
2003-03-10,4529.07
2003-03-07,4645.1
2003-03-06,4626.02
2003-03-05,4673.75
2003-03-04,4638.05
2003-03-03,4709.38
2003-02-28,4716.07
2003-02-27,4693.53
2003-02-26,4653.98
2003-02-25,4713.38
2003-02-24,4706.22
2003-02-21,4787.17
2003-02-20,4730.84
2003-02-19,4763.45
2003-02-18,4805.73
2003-02-14,4729.74
2003-02-13,4653.25
2003-02-12,4649.71
2003-02-11,4708.69
2003-02-10,4732.77
2003-02-07,4713.66
2003-02-06,4757.3
2003-02-05,4807.86
2003-02-04,4824.46
2003-02-03,4884.79
2003-01-31,4868.68
2003-01-30,4784.44
2003-01-29,4865.96
2003-01-28,4840.99
2003-01-27,4786.96
2003-01-24,4880.19
2003-01-23,4995.66
2003-01-22,4962.98
2003-01-21,5016.28
2003-01-17,5108.51
2003-01-16,5165.34
2003-01-15,5171.45
2003-01-14,5233.66
2003-01-13,5209.21
2003-01-10,5209.799805
2003-01-09,5210.339844
2003-01-08,5124.189941
2003-01-07,5186.919922
2003-01-06,5255.390136999999
2003-01-03,5148.450195
2003-01-02,5146.0
2002-12-31,5000.0
2002-12-30,4986.149902
2002-12-27,4958.02002
2002-12-26,5036.589844
2002-12-24,5044.299805
2002-12-23,5067.669922
2002-12-20,5067.140136999999
2002-12-19,5001.370117
2002-12-18,5037.959961
2002-12-17,5094.740234000001
2002-12-16,5138.089844
2002-12-13,5035.100098
2002-12-12,5086.919922
2002-12-11,5105.209961
2002-12-10,5104.680176
2002-12-09,5040.709961
2002-12-06,5131.850098
2002-12-05,5104.790039
2002-12-04,5155.430176
2002-12-03,5164.629883
2002-12-02,5229.660156
2002-11-29,5236.850098
2002-11-27,5247.640136999999
2002-11-26,5111.339844
2002-11-25,5208.830078
2002-11-22,5198.359863000001
2002-11-21,5214.120117
2002-11-20,5122.22998
2002-11-19,5044.830078
2002-11-18,5057.200195
2002-11-15,5100.129883
2002-11-14,5061.640136999999
2002-11-13,4958.02002
2002-11-12,4971.450195
2002-11-11,4947.97998
2002-11-08,5040.069824
2002-11-07,5079.509765999999
2002-11-06,5182.290039
2002-11-05,5136.720215
2002-11-04,5098.859863000001
2002-11-01,5079.72998
2002-10-31,5000.319824
2002-10-30,5027.279785
2002-10-29,4985.410156
2002-10-28,5028.549805
2002-10-25,5066.399902
2002-10-24,4993.129883
2002-10-23,5059.0
2002-10-22,5036.799805
2002-10-21,5093.259765999999
2002-10-18,5011.310059
2002-10-17,4995.240234000001
2002-10-16,4888.339844
2002-10-15,4992.810059
2002-10-14,4785.990234000001
2002-10-11,4754.689941
2002-10-10,4590.799805
2002-10-09,4452.490234000001
2002-10-08,4591.330078
2002-10-07,4521.220215
2002-10-04,4613.419922
2002-10-03,4718.419922
2002-10-02,4762.089844
2002-10-01,4873.75
2002-09-30,4709.959961
2002-09-27,4760.609863000001
2002-09-26,4914.669922
2002-09-25,4811.890136999999
2002-09-24,4709.330078
2002-09-23,4798.149902
2002-09-20,4853.029785
2002-09-19,4842.660156
2002-09-18,4987.52002
2002-09-17,5011.0
2002-09-16,5112.930176
2002-09-13,5100.240234000001
2002-09-12,5089.560059
2002-09-11,5205.759765999999
2002-09-10,5200.049805
2002-09-09,5172.029785
2002-09-06,5124.450195
2002-09-05,5054.560059
2002-09-04,5118.0
2002-09-03,5036.589844
2002-08-30,5239.810059
2002-08-29,5236.109863000001
2002-08-28,5243.089844
2002-08-27,5330.850098
2002-08-26,5388.47998
2002-08-23,5343.430176
2002-08-22,5452.450195
2002-08-21,5379.700195
2002-08-20,5319.959961
2002-08-19,5385.72998
2002-08-16,5278.089844
2002-08-15,5287.080078
2002-08-14,5223.319824
2002-08-13,5057.839844
2002-08-12,5157.870117
2002-08-09,5185.669922
2002-08-08,5160.089844
2002-08-07,5007.080078
2002-08-06,4921.330078
2002-08-05,4793.180176
2002-08-02,4954.640136999999
2002-08-01,5067.879883
2002-07-31,5195.609863000001
2002-07-30,5142.529785
2002-07-29,5125.189941
2002-07-26,4872.799805
2002-07-25,4804.279785
2002-07-24,4791.490234000001
2002-07-23,4549.660156
2002-07-22,4666.5
2002-07-19,4818.129883
2002-07-18,4994.290039
2002-07-17,5121.279785
2002-07-16,5100.97998
2002-07-15,5188.850098
2002-07-12,5228.080078
2002-07-11,5262.549805
2002-07-10,5254.509765999999
2002-07-09,5423.580078
2002-07-08,5554.589844
2002-07-05,5598.680176
2002-07-03,5426.859863000001
2002-07-02,5423.049805
2002-07-01,5535.240234000001
2002-06-28,5636.540039
2002-06-27,5626.919922
2002-06-26,5543.279785
2002-06-25,5568.549805
2002-06-24,5645.419922
2002-06-21,5650.069824
2002-06-20,5734.129883
2002-06-19,5797.790039
2002-06-18,5870.540039
2002-06-17,5859.859863000001
2002-06-14,5712.459961
2002-06-13,5726.100098
2002-06-12,5779.180176
2002-06-11,5765.540039
2002-06-10,5851.399902
2002-06-07,5832.149902
2002-06-06,5816.080078
2002-06-05,5920.870117
2002-06-04,5878.990234000001
2002-06-03,5901.830078
2002-05-31,6035.27002
2002-05-30,6003.759765999999
2002-05-29,6030.200195
2002-05-28,6054.310059
2002-05-24,6102.72998
2002-05-23,6157.189941
2002-05-22,6100.830078
2002-05-21,6080.740234000001
2002-05-20,6135.089844
2002-05-17,6193.879883
2002-05-16,6150.529785
2002-05-15,6127.899902
2002-05-14,6160.890136999999
2002-05-13,6060.649902
2002-05-10,5981.879883
2002-05-09,6055.790039
2002-05-08,6124.52002
2002-05-07,5977.859863000001
2002-05-06,6002.5
2002-05-03,6109.399902
2002-05-02,6150.209961
2002-05-01,6136.459961
2002-04-30,6071.220215
2002-04-29,6010.430176
2002-04-26,6072.700195
2002-04-25,6132.450195
2002-04-24,6144.709961
2002-04-23,6178.22998
2002-04-22,6196.72998
2002-04-19,6278.470215
2002-04-18,6269.689941
2002-04-17,6275.299805
2002-04-16,6288.509765999999
2002-04-15,6173.470215
2002-04-12,6217.350098
2002-04-11,6181.189941
2002-04-10,6315.899902
2002-04-09,6247.379883
2002-04-08,6255.839844
2002-04-05,6246.540039
2002-04-04,6249.180176
2002-04-03,6245.689941
2002-04-02,6305.330078
2002-04-01,6327.109863000001
2002-03-28,6348.790039
2002-03-27,6342.649902
2002-03-26,6298.560059
2002-03-25,6264.200195
2002-03-22,6345.189941
2002-03-21,6363.47998
2002-03-20,6369.299805
2002-03-19,6445.009765999999
2002-03-18,6420.790039
2002-03-15,6419.629883
2002-03-14,6352.700195
2002-03-13,6348.359863000001
2002-03-12,6392.97998
2002-03-11,6388.859863000001
2002-03-08,6366.439941
2002-03-07,6353.75
2002-03-06,6377.120117
2002-03-05,6287.25
2002-03-04,6332.5
2002-03-01,6224.02002
2002-02-28,6117.959961
2002-02-27,6124.299805
2002-02-26,6104.640136999999
2002-02-25,6094.279785
2002-02-22,6008.839844
2002-02-21,5959.140136999999
2002-02-20,6017.930176
2002-02-19,5943.279785
2002-02-15,6040.240234000001
2002-02-14,6086.870117
2002-02-13,6091.419922
2002-02-12,6042.680176
2002-02-11,6055.359863000001
2002-02-08,5977.75
2002-02-07,5894.75
2002-02-06,5898.129883
2002-02-05,5927.629883
2002-02-04,5949.200195
2002-02-01,6087.930176
2002-01-31,6116.899902
2002-01-30,6032.740234000001
2002-01-29,5973.419922
2002-01-28,6128.850098
2002-01-25,6133.819824
2002-01-24,6121.339844
2002-01-23,6107.600098
2002-01-22,6072.180176
2002-01-18,6092.47998
2002-01-17,6124.939941
2002-01-16,6081.589844
2002-01-15,6160.569824
2002-01-14,6122.609863000001
2002-01-11,6161.0
2002-01-10,6210.899902
2002-01-09,6207.410156
2002-01-08,6235.430176
2002-01-07,6271.810059
2002-01-04,6307.970215
2002-01-03,6266.310059
2002-01-02,6244.209961
2001-12-31,6236.390136999999
2001-12-28,6284.810059
2001-12-27,6260.490234000001
2001-12-26,6224.02002
2001-12-24,6196.72998
2001-12-21,6193.029785
2001-12-20,6167.22998
2001-12-19,6186.899902
2001-12-18,6138.689941
2001-12-17,6088.879883
2001-12-14,6039.189941
2001-12-13,6019.310059
2001-12-12,6084.02002
2001-12-11,6091.629883
2001-12-10,6114.259765999999
2001-12-07,6208.790039
2001-12-06,6236.919922
2001-12-05,6252.459961
2001-12-04,6145.029785
2001-12-03,6082.959961
2001-11-30,6125.040039
2001-11-29,6130.120117
2001-11-28,6082.009765999999
2001-11-27,6181.189941
2001-11-26,6219.790039
2001-11-23,6194.299805
2001-11-21,6128.109863000001
2001-11-20,6157.290039
2001-11-19,6178.129883
2001-11-16,6120.390136999999
2001-11-15,6130.540039
2001-11-14,6127.27002
2001-11-13,6114.890136999999
2001-11-12,6017.720215
2001-11-09,6033.47998
2001-11-08,6027.77002
2001-11-07,6010.950195
2001-11-06,6030.089844
2001-11-05,5961.359863000001
2001-11-02,5895.910156
2001-11-01,5878.569824
2001-10-31,5776.850098
2001-10-30,5781.080078
2001-10-29,5877.410156
2001-10-26,5990.859863000001
2001-10-25,5952.589844
2001-10-24,5890.410156
2001-10-23,5906.799805
2001-10-22,5936.620117
2001-10-19,5861.22998
2001-10-18,5839.129883
2001-10-17,5899.299805
2001-10-16,5977.009765999999
2001-10-15,5940.529785
2001-10-12,5942.22998
2001-10-11,5982.509765999999
2001-10-10,5919.910156
2001-10-09,5801.069824
2001-10-08,5806.669922
2001-10-05,5862.080078
2001-10-04,5866.089844
2001-10-03,5880.580078
2001-10-02,5803.069824
2001-10-01,5731.490234000001
2001-09-28,5750.419922
2001-09-27,5628.399902
2001-09-26,5546.560059
2001-09-25,5561.680176
2001-09-24,5513.350098
2001-09-21,5331.379883
2001-09-20,5436.589844
2001-09-19,5597.52002
2001-09-18,5692.580078
2001-09-17,5730.859863000001
2001-09-10,6006.720215
2001-09-07,5986.529785
2001-09-06,6104.319824
2001-09-05,6222.319824
2001-09-04,6233.740234000001
2001-08-31,6215.660156
2001-08-30,6197.259765999999
2001-08-29,6275.830078
2001-08-28,6331.970215
2001-08-27,6407.049805
2001-08-24,6434.859863000001
2001-08-23,6353.649902
2001-08-22,6362.950195
2001-08-21,6330.490234000001
2001-08-20,6377.759765999999
2001-08-17,6335.569824
2001-08-16,6411.490234000001
2001-08-15,6406.620117
2001-08-14,6423.959961
2001-08-13,6429.149902
2001-08-10,6432.419922
2001-08-09,6389.279785
2001-08-08,6390.970215
2001-08-07,6476.410156
2001-08-06,6451.350098
2001-08-03,6516.700195
2001-08-02,6538.799805
2001-08-01,6525.580078
2001-07-31,6523.359863000001
2001-07-30,6490.680176
2001-07-27,6487.620117
2001-07-26,6470.910156
2001-07-25,6411.060059
2001-07-24,6324.359863000001
2001-07-23,6433.899902
2001-07-20,6520.709961
2001-07-19,6528.640136999999
2001-07-18,6508.450195
2001-07-17,6520.290039
2001-07-16,6466.680176
2001-07-13,6515.109863000001
2001-07-12,6479.160156
2001-07-11,6378.290039
2001-07-10,6406.939941
2001-07-09,6469.959961
2001-07-06,6443.0
2001-07-05,6565.22998
2001-07-03,6619.259765999999
2001-07-02,6632.580078
2001-06-29,6574.319824
2001-06-28,6573.689941
2001-06-27,6513.419922
2001-06-26,6543.240234000001
2001-06-25,6557.089844
2001-06-22,6612.490234000001
2001-06-21,6672.870117
2001-06-20,6614.080078
2001-06-19,6564.069824
2001-06-18,6554.129883
2001-06-15,6576.22998
2001-06-14,6597.580078
2001-06-13,6690.209961
2001-06-12,6736.310059
2001-06-11,6739.379883
2001-06-08,6786.220215
2001-06-07,6828.620117
2001-06-06,6820.580078
2001-06-05,6894.390137
2001-06-04,6836.02002
2001-06-01,6796.899901999999
2001-05-31,6784.850098000001
2001-05-30,6747.200195
2001-05-29,6821.330078
2001-05-25,6842.580078
2001-05-24,6904.430176000001
2001-05-23,6903.589844
2001-05-22,6993.359863
2001-05-21,7016.299805
2001-05-18,6948.529785
2001-05-17,6928.439941
2001-05-16,6901.790039
2001-05-15,6740.009765999999
2001-05-14,6730.5
2001-05-11,6699.939941
2001-05-10,6745.930176000001
2001-05-09,6727.959961
2001-05-08,6730.290039
2001-05-07,6756.830078
2001-05-04,6767.720215
2001-05-03,6687.040039
2001-05-02,6754.819823999999
2001-05-01,6778.180176000001
2001-04-30,6712.52002
2001-04-27,6742.22998
2001-04-26,6654.680176
2001-04-25,6592.720215
2001-04-24,6491.950195
2001-04-23,6542.709961
2001-04-20,6591.129883
2001-04-19,6649.080078
2001-04-18,6619.370117
2001-04-17,6437.080078
2001-04-16,6368.77002
2001-04-12,6362.640136999999
2001-04-11,6291.370117
2001-04-10,6342.439941
2001-04-09,6214.080078
2001-04-06,6164.799805
2001-04-05,6265.459961
2001-04-04,6055.680176
2001-04-03,6049.02002
2001-04-02,6230.990234000001
2001-03-30,6298.350098
2001-03-29,6224.540039
2001-03-28,6239.140136999999
2001-03-27,6340.959961
2001-03-26,6206.890136999999
2001-03-23,6110.240234000001
2001-03-22,5988.430176
2001-03-21,6081.379883
2001-03-20,6201.919922
2001-03-19,6303.740234000001
2001-03-16,6213.759765999999
2001-03-15,6332.080078
2001-03-14,6278.259765999999
2001-03-13,6443.0
2001-03-12,6407.359863000001
2001-03-09,6650.77002
2001-03-08,6759.259765999999
2001-03-07,6721.830078
2001-03-06,6684.5
2001-03-05,6649.290039
2001-03-02,6628.350098
2001-03-01,6610.169922
2001-02-28,6629.089844
2001-02-27,6698.040039
2001-02-26,6708.930176
2001-02-23,6587.430176
2001-02-22,6636.279785
2001-02-21,6658.700195
2001-02-20,6781.359863
2001-02-16,6850.509765999999
2001-02-15,6919.97998
2001-02-14,6894.390137
2001-02-13,6954.549805
2001-02-12,6989.129883
2001-02-09,6907.609863
2001-02-08,6954.97998
2001-02-07,6974.430176000001
2001-02-06,7002.560059
2001-02-05,7016.72998
2001-02-02,6980.990234000001
2001-02-01,7048.129883
2001-01-31,7017.149901999999
2001-01-30,7022.970215
2001-01-29,6959.419922
2001-01-26,6931.189941
2001-01-25,6961.430176000001
2001-01-24,6939.120117
2001-01-23,6928.120117
2001-01-22,6853.790039
2001-01-19,6836.660156
2001-01-18,6889.0
2001-01-17,6852.410156
2001-01-16,6874.830078
2001-01-12,6813.290039
2001-01-11,6835.490234000001
2001-01-10,6802.399901999999
2001-01-09,6754.819823999999
2001-01-08,6759.049805
2001-01-05,6774.060059
2001-01-04,6894.810059
2001-01-03,6968.830078
2001-01-02,6785.689941
2000-12-29,6945.569823999999
2000-12-28,6977.600098000001
2000-12-27,6911.620117
2000-12-26,6831.580078
2000-12-22,6762.430176000001
2000-12-21,6653.839844
2000-12-20,6608.259765999999
2000-12-19,6765.709961
2000-12-18,6801.339844
2000-12-15,6723.410156
2000-12-14,6826.189941
2000-12-13,6907.819823999999
2000-12-12,6925.790039
2000-12-11,6952.549805
2000-12-08,6929.709961
2000-12-07,6817.72998
2000-12-06,6827.669922
2000-12-05,6907.5
2000-12-04,6739.799805
2000-12-01,6677.209961
2000-11-30,6659.120117
2000-11-29,6739.910156
2000-11-28,6707.22998
2000-11-27,6734.72998
2000-11-24,6683.549805
2000-11-22,6624.02002
2000-11-21,6716.75
2000-11-20,6707.339844
2000-11-17,6806.72998
2000-11-16,6841.419922
2000-11-15,6884.450195
2000-11-14,6857.279785
2000-11-13,6757.140137
2000-11-10,6835.279785
2000-11-09,6938.47998
2000-11-08,6997.689941
2000-11-07,7026.459961
2000-11-06,7035.649901999999
2000-11-03,6992.939941
2000-11-02,7012.819823999999
2000-11-01,7026.240234000001
2000-10-31,7042.319823999999
2000-10-30,6920.819823999999
2000-10-27,6777.870117
2000-10-26,6698.25
2000-10-25,6730.180176000001
2000-10-24,6836.339844
2000-10-23,6791.399901999999
2000-10-20,6790.129883
2000-10-19,6753.02002
2000-10-18,6609.740234000001
2000-10-17,6655.740234000001
2000-10-16,6784.850098000001
2000-10-13,6741.919922
2000-10-12,6599.279785
2000-10-11,6771.629883
2000-10-10,6876.72998
2000-10-09,6910.459961
2000-10-06,6937.640137
2000-10-05,7061.879883
2000-10-04,7033.009765999999
2000-10-03,7027.509765999999
2000-10-02,7046.02002
2000-09-29,7010.810059
2000-09-28,7060.609863
2000-09-27,6936.899901999999
2000-09-26,6924.0
2000-09-25,6973.160156
2000-09-22,6971.680176000001
2000-09-21,6917.649901999999
2000-09-20,6913.529785
2000-09-19,6990.399901999999
2000-09-18,6976.339844
2000-09-15,7078.27002
2000-09-14,7131.140137
2000-09-13,7139.589844
2000-09-12,7146.149901999999
2000-09-11,7160.950195
2000-09-08,7144.990234000001
2000-09-07,7142.450195
2000-09-06,7131.560059
2000-09-05,7149.959961
2000-09-01,7164.549805
2000-08-31,7132.299805
2000-08-30,7089.259765999999
2000-08-29,7120.77002
2000-08-28,7140.02002
2000-08-25,7111.149901999999
2000-08-24,7104.910156
2000-08-23,7107.870117
2000-08-22,7101.529785
2000-08-21,7096.669922
2000-08-18,7073.299805
2000-08-17,7096.97998
2000-08-16,7044.75
2000-08-15,7063.359863
2000-08-14,7106.080078
2000-08-11,7028.779785
2000-08-10,6970.72998
2000-08-09,6984.689941
2000-08-08,7038.930176000001
2000-08-07,7015.879883
2000-08-04,6955.290039
2000-08-03,6891.009765999999
2000-08-02,6876.200195
2000-08-01,6851.350098000001
2000-07-31,6773.850098000001
2000-07-28,6758.310059
2000-07-27,6843.319823999999
2000-07-26,6818.049805
2000-07-25,6899.990234000001
2000-07-24,6883.5
2000-07-21,6929.810059
2000-07-20,6980.669922
2000-07-19,6946.410156
2000-07-18,6959.740234000001
2000-07-17,7012.5
2000-07-14,7018.839844
2000-07-13,6975.600098000001
2000-07-12,6990.609863
2000-07-11,6977.600098000001
2000-07-10,6939.430176000001
2000-07-07,6919.029785
2000-07-06,6827.990234000001
2000-07-05,6819.0
2000-07-03,6874.930176000001
2000-06-30,6798.169922
2000-06-29,6796.27002
2000-06-28,6811.700195
2000-06-27,6806.419922
2000-06-26,6808.850098000001
2000-06-23,6766.759765999999
2000-06-22,6783.470215
2000-06-21,6862.140137
2000-06-20,6865.100098000001
2000-06-19,6918.919922
2000-06-16,6869.540039
2000-06-15,6951.589844
2000-06-14,6944.089844
2000-06-13,6911.310059
2000-06-12,6838.879883
2000-06-09,6856.430176000001
2000-06-08,6893.439941
2000-06-07,6935.100098000001
2000-06-06,6904.649901999999
2000-06-05,6927.490234000001
2000-06-02,6975.379883
2000-06-01,6888.359863
2000-05-31,6805.25
2000-05-30,6781.779785
2000-05-26,6649.709961
2000-05-25,6659.339844
2000-05-24,6716.220215
2000-05-23,6664.410156
2000-05-22,6713.470215
2000-05-19,6762.430176000001
2000-05-18,6868.589844
2000-05-17,6883.290039
2000-05-16,6966.290039
2000-05-15,6934.040039
2000-05-12,6797.430176000001
2000-05-11,6734.299805
2000-05-10,6644.109863000001
2000-05-09,6727.959961
2000-05-08,6770.359863
2000-05-05,6749.529785
2000-05-04,6676.990234000001
2000-05-03,6681.649902
2000-05-02,6827.990234000001
2000-05-01,6878.950195
2000-04-28,6811.169922
2000-04-27,6877.680176000001
2000-04-26,6918.5
2000-04-25,6965.660156
2000-04-24,6790.240234000001
2000-04-20,6760.950195
2000-04-19,6696.029785
2000-04-18,6712.310059
2000-04-17,6557.930176
2000-04-14,6465.72998
2000-04-13,6815.930176000001
2000-04-12,6917.859863
2000-04-11,6991.350098000001
2000-04-10,6975.600098000001
2000-04-07,6972.640137
2000-04-06,6965.870117
2000-04-05,6878.529785
2000-04-04,6897.240234000001
2000-04-03,6975.069823999999
2000-03-31,6848.609863
2000-03-30,6827.140137
2000-03-29,6866.160156
2000-03-28,6824.919922
2000-03-27,6863.830078
2000-03-24,6899.359863
2000-03-23,6897.350098000001
2000-03-22,6801.450195
2000-03-21,6796.689941
2000-03-20,6673.5
2000-03-17,6692.959961
2000-03-16,6708.399902
2000-03-15,6397.319824
2000-03-14,6221.899902
2000-03-13,6287.25
2000-03-10,6337.259765999999
2000-03-09,6375.959961
2000-03-08,6251.509765999999
2000-03-07,6223.379883
2000-03-06,6386.740234000001
2000-03-03,6454.950195
2000-03-02,6360.100098
2000-03-01,6338.740234000001
2000-02-29,6266.419922
2000-02-28,6177.169922
2000-02-25,6094.910156
2000-02-24,6170.509765999999
2000-02-23,6224.02002
2000-02-22,6239.77002
2000-02-18,6203.290039
2000-02-17,6357.560059
2000-02-16,6396.790039
2000-02-15,6459.279785
2000-02-14,6398.060059
2000-02-11,6391.399902
2000-02-10,6496.819824
2000-02-09,6523.779785
2000-02-08,6651.299805
2000-02-07,6596.319824
2000-02-04,6628.669922
2000-02-03,6657.540039
2000-02-02,6618.419922
2000-02-01,6606.890136999999
2000-01-31,6574.009765999999
2000-01-28,6469.109863000001
2000-01-27,6627.189941
2000-01-26,6644.850098
2000-01-25,6606.779785
2000-01-24,6611.120117
2000-01-21,6762.75
2000-01-20,6772.580078
2000-01-19,6823.970215
2000-01-18,6808.640137
2000-01-14,6870.490234000001
2000-01-13,6836.759765999999
2000-01-12,6766.549805
2000-01-11,6774.47998
2000-01-10,6838.450195
2000-01-07,6792.669922
2000-01-06,6635.439941
2000-01-05,6567.029785
2000-01-04,6543.759765999999
2000-01-03,6762.109863
1999-12-31,6876.100098000001
